Fighter,KD,Sig. str.,Sig. str. %,Total str.,Td,Td %,Sub. att,Pass,Rev.
,Donald Cerrone,,View
win,Khabib Nurmagomedov,22,7,2,5,Lightweight,SUB,3,2:06
win,Paul Felder,56,0,0,0,Lightweight,S-DEC,3,5:00
win,Islam Makhachev,43,0,0,0,Lightweight,U-DEC,3,5:00
win,Curtis Blaydes,25,5,0,3,Heavyweight,KO/TKO,2,2:22
win,Diego Ferreira,109,0,0,0,Lightweight,U-DEC,3,5:00
win,Joanne Calderwood,101,2,0,1,Women's Flyweight,S-DEC,3,5:00
draw,Zubaira Tukhugov,22,6,0,2,Featherweight,S-DEC,3,5:00
win,Sarah Moras,44,0,1,1,Women's Bantamweight,KO/TKO,3,2:26
win,Ottman Azaitar,27,0,0,0,Lightweight,KO/TKO,1,3:33
win,Belal Muhammad,49,2,1,2,Welterweight,SUB,3,1:55
win,Muslim Salikhov,10,0,0,0,Welterweight,KO/TKO,1,4:26
win,Omari Akhmedov,26,2,0,3,Middleweight,U-DEC,3,5:00
win,Don Madge,21,3,0,2,Lightweight,U-DEC,3,5:00
win,Weili Zhang,29,0,0,0,Women's Strawweight,KO/TKO,1,0:42
win,Jingliang Li,59,2,0,0,Welterweight,KO/TKO,3,4:51
win,Kai Kara-France,91,1,0,0,Flyweight,U-DEC,3,5:00
win,Kenan Song,58,0,0,0,Welterweight,U-DEC,3,5:00
win,Mizuki Inoue,93,0,0,0,Women's Flyweight,S-DEC,3,5:00
win,Anthony Hernandez,59,6,1,1,Middleweight,SUB,2,4:39
win,Su Mudaerji,93,1,0,3,Bantamweight,U-DEC,3,5:00
win,Da Un Jung,81,0,1,0,Light Heavyweight,SUB,3,1:59
win,Damir Ismagulov,71,0,0,0,Lightweight,U-DEC,3,5:00
win,Heili Alateng,36,3,0,2,Bantamweight,U-DEC,3,5:00
win,Karol Rosa,171,0,0,0,Women's Bantamweight,S-DEC,3,5:00
win,Stipe Miocic,123,1,0,0,Heavyweight,KO/TKO,4,4:09
win,Nate Diaz,114,1,0,4,Welterweight,U-DEC,3,5:00
win,Paulo Costa,118,0,0,0,Middleweight,U-DEC,3,5:00
win,Sodiq Yusuff,34,0,0,0,Featherweight,KO/TKO,1,4:14
win,Derek Brunson,81,2,0,1,Middleweight,U-DEC,3,5:00
win,Khama Worthy,21,0,0,0,Lightweight,KO/TKO,1,4:15
win,Cory Sandhagen,62,0,0,0,Bantamweight,U-DEC,3,5:00
win,Drakkar Klose,99,2,0,2,Lightweight,U-DEC,3,5:00
win,Casey Kenney,43,2,1,7,Catch Weight,U-DEC,3,5:00
win,Hannah Cifers,70,1,1,0,Women's Strawweight,U-DEC,3,5:00
win,Kyung Ho Kang,50,3,0,3,Bantamweight,S-DEC,3,5:00
win,Sabina Mazo,108,4,0,3,Women's Flyweight,U-DEC,3,5:00
win,Valentina Shevchenko,42,1,0,3,Women's Flyweight,U-DEC,5,5:00
win,Vicente Luque,84,0,1,0,Welterweight,S-DEC,3,5:00
win,Eduardo Garagorri,65,1,0,1,Featherweight,U-DEC,3,5:00
win,Volkan Oezdemir,64,0,0,0,Light Heavyweight,KO/TKO,2,4:31
win,Rodolfo Vieira,18,3,1,4,Middleweight,SUB,2,4:26
win,Enrique Barzola,83,3,0,0,Featherweight,S-DEC,3,5:00
win,Gilbert Burns,42,3,0,2,Welterweight,U-DEC,3,5:00
win,Ciryl Gane,15,0,1,1,Heavyweight,SUB,1,4:12
win,Marina Rodriguez,84,1,1,0,Women's Strawweight,U-DEC,3,5:00
win,Rogerio Bontorin,8,2,0,1,Flyweight,KO/TKO,1,2:56
win,Chris Gutierrez,48,1,0,0,Bantamweight,S-DEC,3,5:00
win,Alex Da Silva,17,3,0,4,Lightweight,U-DEC,3,5:00
win,Veronica Macedo,1,0,1,0,Women's Flyweight,SUB,1,1:09
win,Colby Covington,179,10,0,0,Welterweight,U-DEC,5,5:00
win,Jim Miller,2,0,1,0,Lightweight,SUB,1,0:58
win,Nasrat Haqparast,21,0,0,0,Lightweight,KO/TKO,2,0:36
win,Gerald Meerschaert,6,1,1,2,Middleweight,SUB,3,1:49
win,Scott Holtzman,44,1,0,3,Lightweight,KO/TKO,2,5:00
win,Kennedy Nzechukwu,50,0,0,0,Light Heavyweight,U-DEC,3,5:00
win,Mickey Gall,50,1,0,1,Welterweight,U-DEC,3,5:00
win,Antonina Shevchenko,16,0,3,1,Women's Flyweight,SUB,2,1:20
win,Matt Schnell,3,0,1,0,Flyweight,SUB,1,1:23
win,Lauren Murphy,24,0,0,1,Women's Flyweight,KO/TKO,3,1:46
win,Claudio Silva,32,1,1,1,Welterweight,SUB,1,2:35
win,Miranda Granger,61,0,0,0,Women's Flyweight,U-DEC,3,5:00
win,Max Holloway,129,0,0,0,Featherweight,U-DEC,5,5:00
win,Cris Cyborg,122,0,0,1,Women's Featherweight,U-DEC,3,5:00
win,Geoff Neal,41,2,0,2,Welterweight,KO/TKO,2,2:39
win,Arman Tsarukyan,47,2,0,0,Lightweight,U-DEC,3,5:00
win,Krzysztof Jotko,40,1,0,0,Middleweight,S-DEC,3,5:00
win,Viviane Araujo,67,2,0,0,Women's Flyweight,U-DEC,3,5:00
win,Hakeem Dawodu,80,0,0,0,Featherweight,KO/TKO,3,4:09
win,Gavin Tucker,37,5,2,3,Featherweight,SUB,3,3:17
win,Deiveson Figueiredo,67,2,0,2,Flyweight,U-DEC,3,5:00
win,Gillian Robertson,29,2,0,4,Women's Flyweight,KO/TKO,2,4:13
win,Erik Koch,37,4,0,4,Welterweight,U-DEC,3,5:00
win,Leon Edwards,92,3,0,2,Welterweight,U-DEC,5,5:00
win,Walt Harris,4,0,0,0,Heavyweight,KO/TKO,1,0:12
win,Greg Hardy,36,0,0,0,Heavyweight,KO/TKO,1,0:45
win,Dan Hooker,22,0,0,0,Lightweight,KO/TKO,1,2:33
win,Alexander Hernandez,25,0,0,0,Lightweight,U-DEC,3,5:00
win,Andrei Arlovski,152,0,0,0,Heavyweight,U-DEC,3,5:00
win,Alex Caceres,94,0,0,0,Featherweight,U-DEC,3,5:00
win,Raquel Pennington,47,1,0,1,Women's Bantamweight,S-DEC,3,5:00
win,Klidson Abreu,36,1,0,1,Light Heavyweight,U-DEC,3,5:00
win,Jennifer Maia,83,0,0,0,Women's Flyweight,U-DEC,3,5:00
win,Ray Borg,15,6,1,7,Bantamweight,U-DEC,3,5:00
win,Mario Bautista,129,0,0,0,Bantamweight,U-DEC,3,5:00
win,Felipe Colares,23,2,0,1,Bantamweight,S-DEC,3,5:00
win,Germaine de Randamie,4,0,0,0,Women's Bantamweight,KO/TKO,1,0:16
win,Urijah Faber,11,0,0,0,Bantamweight,KO/TKO,1,0:46
win,Josh Emmett,27,0,0,1,Featherweight,KO/TKO,1,4:25
win,Karl Roberson,50,0,0,1,Middleweight,S-DEC,3,5:00
win,Marvin Vettori,78,2,0,2,Middleweight,U-DEC,3,5:00
win,John Allan,55,4,3,3,Light Heavyweight,U-DEC,3,5:00
win,Andre Fili,19,0,0,0,Featherweight,KO/TKO,1,3:07
win,Julianna Pena,45,2,0,2,Women's Bantamweight,U-DEC,3,5:00
win,Ryan Hall,36,0,1,0,Featherweight,U-DEC,3,5:00
win,Jonathan Martinez,32,0,0,0,Bantamweight,KO/TKO,3,3:54
win,Brianna Van Buren,72,3,0,0,Women's Strawweight,U-DEC,3,5:00
win,Benito Lopez,54,0,0,0,Bantamweight,U-DEC,3,5:00
win,Jon Jones,59,0,0,0,Light Heavyweight,S-DEC,5,5:00
win,Amanda Nunes,17,0,0,0,Women's Bantamweight,KO/TKO,1,4:10
win,Jorge Masvidal,3,0,0,0,Welterweight,KO/TKO,1,0:05
win,Jan Blachowicz,30,0,0,0,Light Heavyweight,KO/TKO,2,1:39
win,Michael Chiesa,47,5,0,8,Welterweight,U-DEC,3,5:00
win,Arnold Allen,102,1,0,0,Featherweight,U-DEC,3,5:00
win,Marlon Vera,10,1,1,2,Bantamweight,SUB,2,3:25
win,Claudia Gadelha,40,0,0,0,Women's Strawweight,U-DEC,3,5:00
win,Song Yadong,8,0,0,0,Bantamweight,KO/TKO,1,2:04
win,Edmen Shahbazyan,13,1,1,2,Middleweight,SUB,1,1:12
win,Chance Rencountre,4,2,0,4,Welterweight,U-DEC,3,5:00
win,Julia Avila,49,0,0,2,Women's Bantamweight,U-DEC,3,5:00
win,Francis Ngannou,9,0,0,0,Heavyweight,KO/TKO,1,1:11
win,Joseph Benavidez,50,0,0,1,Flyweight,KO/TKO,2,4:47
win,Demian Maia,3,3,0,4,Welterweight,M-DEC,3,5:00
win,Vinc Pichel,60,3,1,6,Lightweight,U-DEC,3,5:00
win,Drew Dober,16,0,0,0,Lightweight,KO/TKO,1,1:07
win,Alonzo Menifield,8,0,0,0,Light Heavyweight,KO/TKO,1,3:19
win,Ricardo Ramos,40,3,0,3,Bantamweight,U-DEC,3,5:00
win,Eryk Anders,11,0,0,0,Light Heavyweight,KO/TKO,1,1:18
win,Jared Gordon,48,2,0,5,Lightweight,U-DEC,3,5:00
win,Dalcha Lungiambula,32,4,0,4,Light Heavyweight,KO/TKO,3,0:42
win,Amanda Ribas,21,2,2,3,Women's Strawweight,SUB,2,2:10
win,Maurice Greene,37,0,0,2,Heavyweight,KO/TKO,1,3:38
win,Chan Sung Jung,16,0,0,2,Featherweight,KO/TKO,1,0:58
win,Randy Brown,89,0,0,0,Welterweight,KO/TKO,3,2:54
win,Andre Ewell,73,0,0,0,Bantamweight,U-DEC,3,5:00
win,Andrea Lee,73,1,0,2,Women's Flyweight,U-DEC,3,5:00
win,Kevin Holland,58,0,0,0,Middleweight,U-DEC,3,5:00
win,Dan Ige,71,1,0,3,Featherweight,U-DEC,3,5:00
win,Ashley Yoder,75,1,0,8,Women's Strawweight,U-DEC,3,5:00
win,Luis Pena,87,1,1,7,Lightweight,KO/TKO,3,1:14
win,Jairzinho Rozenstruik,4,0,0,0,Heavyweight,KO/TKO,1,0:09
win,Molly McCann,108,2,0,2,Women's Flyweight,U-DEC,3,5:00
win,Deron Winn,169,0,0,0,Middleweight,U-DEC,3,5:00
win,Henry Cejudo,90,1,1,1,Bantamweight,KO/TKO,3,4:51
win,Valentina Shevchenko,8,2,1,3,Women's Flyweight,KO/TKO,2,0:26
win,Tony Ferguson,104,0,0,0,Lightweight,KO/TKO,2,5:00
win,Petr Yan,56,1,0,1,Bantamweight,U-DEC,3,5:00
win,Blagoy Ivanov,73,2,0,0,Heavyweight,U-DEC,3,5:00
win,Tatiana Suarez,75,4,0,2,Women's Strawweight,U-DEC,3,5:00
win,Aljamain Sterling,174,0,0,0,Bantamweight,U-DEC,3,5:00
win,Alexa Grasso,148,0,1,0,Women's Strawweight,U-DEC,3,5:00
win,Calvin Kattar,22,0,0,0,Featherweight,KO/TKO,1,4:06
win,Yan Xiaonan,94,1,0,1,Women's Strawweight,U-DEC,3,5:00
win,Darren Stewart,30,0,0,0,Middleweight,U-DEC,3,5:00
win,Eddie Wineland,74,0,0,0,Bantamweight,KO/TKO,2,4:47
win,Katlyn Chookagian,82,0,0,0,Women's Flyweight,U-DEC,3,5:00
win,Anthony Smith,49,0,1,1,Light Heavyweight,SUB,4,2:38
win,Aleksandar Rakic,2,0,0,0,Light Heavyweight,KO/TKO,1,0:47
win,Makwan Amirkhani,9,1,1,2,Featherweight,SUB,2,4:25
win,Christos Giagos,47,6,0,3,Lightweight,U-DEC,3,5:00
win,Daniel Teymur,40,1,0,0,Featherweight,U-DEC,3,5:00
win,Sergey Khandozhko,60,1,0,1,Welterweight,U-DEC,3,5:00
win,Lina Lansberg,50,1,0,2,Women's Bantamweight,U-DEC,3,5:00
win,Leonardo Santos,12,0,0,0,Lightweight,KO/TKO,1,2:17
win,Frank Camacho,100,0,0,0,Lightweight,KO/TKO,2,4:56
win,Bea Malecki,19,0,2,1,Women's Bantamweight,SUB,2,1:59
win,Devin Clark,40,2,0,0,Light Heavyweight,U-DEC,3,5:00
win,Joel Alvarez,19,0,0,1,Lightweight,KO/TKO,2,2:22
win,Rafael Dos Anjos,60,4,1,4,Welterweight,SUB,4,3:47
win,Ian Heinisch,39,1,0,5,Middleweight,U-DEC,3,5:00
win,Felicia Spencer,22,1,1,1,Women's Featherweight,SUB,1,3:24
win,Vicente Luque,18,0,0,0,Welterweight,KO/TKO,1,3:52
win,Charles Oliveira,38,0,1,3,Lightweight,KO/TKO,2,2:11
win,Davi Ramos,63,3,0,3,Lightweight,U-DEC,3,5:00
win,Aspen Ladd,69,3,3,6,Women's Bantamweight,U-DEC,3,5:00
win,Desmond Green,78,4,0,1,Lightweight,U-DEC,3,5:00
win,Michel Pereira,6,0,0,0,Welterweight,KO/TKO,1,1:47
win,Grant Dawson,27,3,1,4,Featherweight,SUB,2,2:27
win,Ed Herman,11,0,0,0,Light Heavyweight,KO/TKO,1,3:39
win,Zak Cummings,34,0,1,0,Middleweight,SUB,3,4:01
win,Julio Arce,74,1,0,0,Featherweight,KO/TKO,3,1:49
win,Jessica Andrade,47,2,0,0,Women's Strawweight,KO/TKO,2,2:58
win,Jared Cannonier,17,0,0,0,Middleweight,KO/TKO,1,4:47
win,Alexander Volkanovski,95,0,0,0,Featherweight,U-DEC,3,5:00
win,Laureano Staropoli,54,1,0,0,Welterweight,U-DEC,3,5:00
win,Irene Aldana,83,0,1,1,Women's Bantamweight,SUB,3,3:24
win,Ryan Spann,13,1,1,1,Light Heavyweight,KO/TKO,1,2:07
win,Thiago Moises,66,4,1,4,Lightweight,U-DEC,3,5:00
win,Warlley Alves,72,0,0,0,Welterweight,KO/TKO,3,4:13
win,Clay Guida,80,1,0,0,Lightweight,U-DEC,3,5:00
win,Luana Carolina,111,0,3,1,Women's Flyweight,U-DEC,3,5:00
win,Raoni Barcelos,59,0,1,3,Bantamweight,KO/TKO,2,4:49
win,Viviane Araujo,61,3,0,3,Women's Bantamweight,KO/TKO,3,0:48
win,Donald Cerrone,138,0,0,0,Lightweight,U-DEC,5,5:00
win,Derek Brunson,56,4,0,5,Middleweight,U-DEC,3,5:00
win,Shane Burgos,134,0,0,0,Featherweight,S-DEC,3,5:00
win,Merab Dvalishvili,55,5,0,3,Bantamweight,U-DEC,3,5:00
win,Walt Harris,17,0,0,0,Heavyweight,KO/TKO,1,0:50
win,Andrew Sanchez,72,2,0,3,Middleweight,U-DEC,3,5:00
win,Macy Chiasson,43,0,0,3,Women's Bantamweight,KO/TKO,2,2:22
win,Vince Morales,59,0,0,0,Bantamweight,U-DEC,3,5:00
win,Nordine Taleb,90,0,0,0,Welterweight,U-DEC,3,5:00
win,Matt Sayles,75,0,1,3,Featherweight,SUB,3,3:16
win,Arjan Bhullar,41,2,0,2,Heavyweight,U-DEC,3,5:00
win,Cole Smith,38,2,2,2,Bantamweight,U-DEC,3,5:00
win,Jack Hermansson,148,3,1,1,Middleweight,U-DEC,5,5:00
win,Greg Hardy,14,0,0,0,Heavyweight,KO/TKO,1,2:15
win,Mike Perry,65,0,0,1,Welterweight,U-DEC,3,5:00
win,Glover Teixeira,30,0,1,3,Light Heavyweight,SUB,2,3:37
win,Cory Sandhagen,120,2,0,0,Bantamweight,S-DEC,3,5:00
win,Roosevelt Roberts,53,2,0,6,Lightweight,U-DEC,3,5:00
win,Takashi Sato,28,0,0,0,Welterweight,KO/TKO,2,1:18
win,Augusto Sakai,42,0,0,0,Heavyweight,S-DEC,3,5:00
win,Carla Esparza,25,4,0,3,Women's Strawweight,U-DEC,3,5:00
win,Gilbert Burns,49,3,1,4,Lightweight,SUB,2,4:15
win,Jim Miller,6,2,1,1,Lightweight,SUB,1,2:12
win,Angela Hill,117,0,0,0,Women's Strawweight,U-DEC,3,5:00
win,Dhiego Lima,65,0,0,0,Welterweight,S-DEC,3,5:00
win,Alistair Overeem,29,0,0,0,Heavyweight,KO/TKO,1,4:45
win,Islam Makhachev,14,4,0,2,Lightweight,U-DEC,3,5:00
win,Sergei Pavlovich,17,0,0,0,Heavyweight,KO/TKO,1,1:06
win,Roxanne Modafferi,33,5,0,5,Women's Flyweight,S-DEC,3,5:00
win,Krzysztof Jotko,43,4,0,5,Middleweight,U-DEC,3,5:00
win,Movsar Evloev,50,5,0,1,Featherweight,U-DEC,3,5:00
win,Sultan Aliev,25,2,0,0,Welterweight,U-DEC,3,5:00
win,Alexander Yakovlev,14,1,1,0,Lightweight,SUB,2,3:10
win,Shamil Abdurakhimov,36,0,0,0,Heavyweight,KO/TKO,2,3:15
win,Michal Oleksiejczuk,8,0,0,0,Light Heavyweight,KO/TKO,1,0:44
win,Magomed Mustafaev,10,0,0,0,Lightweight,KO/TKO,1,1:26
win,Dustin Poirier,178,1,0,0,Lightweight,U-DEC,5,5:00
win,Israel Adesanya,109,0,2,0,Middleweight,U-DEC,5,5:00
win,Khalil Rountree Jr.,79,0,0,0,Light Heavyweight,U-DEC,3,5:00
win,Dwight Grant,38,0,0,0,Welterweight,S-DEC,3,5:00
win,Nikita Krylov,27,1,2,2,Light Heavyweight,SUB,2,2:30
win,Matt Frevola,31,4,2,7,Lightweight,U-DEC,3,5:00
win,Alexandre Pantoja,23,0,0,0,Flyweight,KO/TKO,1,2:58
win,Max Griffin,47,6,3,2,Welterweight,M-DEC,3,5:00
win,Khalid Taha,5,0,0,0,Bantamweight,KO/TKO,1,0:25
win,Belal Muhammad,47,2,0,6,Welterweight,U-DEC,3,5:00
win,Montel Jackson,64,3,0,3,Bantamweight,U-DEC,3,5:00
win,Poliana Botelho,47,2,0,2,Women's Flyweight,U-DEC,3,5:00
win,Brandon Davis,35,0,1,0,Bantamweight,SUB,2,1:12
win,Justin Gaethje,20,0,0,0,Lightweight,KO/TKO,1,2:30
win,Jack Hermansson,3,1,1,1,Middleweight,SUB,1,0:49
win,Josh Emmett,22,0,0,0,Featherweight,KO/TKO,3,4:14
win,Michelle Waterson,64,2,1,1,Women's Strawweight,U-DEC,3,5:00
win,Paul Craig,25,1,2,0,Light Heavyweight,SUB,3,4:20
win,Sodiq Yusuff,73,0,0,1,Featherweight,U-DEC,3,5:00
win,Marina Rodriguez,118,0,0,0,Women's Strawweight,U-DEC,3,5:00
win,Desmond Green,25,1,0,0,Lightweight,KO/TKO,1,2:52
win,Kevin Aguilar,58,0,0,0,Featherweight,U-DEC,3,5:00
win,Kevin Holland,27,1,2,4,Middleweight,S-DEC,3,5:00
win,Casey Kenney,32,2,0,4,Bantamweight,U-DEC,3,5:00
win,Maryna Moroz,56,1,0,0,Women's Flyweight,U-DEC,3,5:00
win,Alex Perez,60,2,0,1,Bantamweight,U-DEC,3,5:00
win,Anthony Pettis,32,0,0,0,Welterweight,KO/TKO,2,4:55
win,Curtis Blaydes,22,7,0,4,Heavyweight,U-DEC,3,5:00
win,John Makdessi,73,0,0,0,Lightweight,U-DEC,3,5:00
win,Jussier Formiga,26,3,0,7,Flyweight,U-DEC,3,5:00
win,Luis Pena,52,1,0,1,Featherweight,U-DEC,3,5:00
win,Maycee Barber,55,0,0,0,Women's Flyweight,KO/TKO,2,3:01
win,Bryce Mitchell,17,0,2,1,Featherweight,U-DEC,3,5:00
win,Marlon Vera,12,0,0,0,Bantamweight,KO/TKO,1,1:25
win,Jennifer Maia,60,0,0,0,Women's Flyweight,U-DEC,3,5:00
win,Randa Markos,13,1,1,2,Women's Strawweight,SUB,1,4:24
win,Chris Gutierrez,69,0,0,0,Bantamweight,U-DEC,3,5:00
win,Jordan Espinosa,47,1,0,0,Flyweight,U-DEC,3,5:00
win,Jorge Masvidal,35,1,0,0,Welterweight,KO/TKO,2,3:05
win,Leon Edwards,31,2,0,1,Welterweight,S-DEC,3,5:00
win,Dominick Reyes,44,0,0,0,Light Heavyweight,S-DEC,3,5:00
win,Nathaniel Wood,30,2,2,3,Bantamweight,SUB,2,2:46
win,Claudio Silva,19,3,4,5,Welterweight,SUB,3,2:37
win,Jack Marshman,31,0,0,0,Middleweight,S-DEC,3,5:00
win,Arnold Allen,37,0,0,0,Featherweight,U-DEC,3,5:00
win,Marc Diakiese,63,3,0,2,Lightweight,U-DEC,3,5:00
win,Saparbeg Safarov,70,3,0,7,Light Heavyweight,U-DEC,3,5:00
win,Dan Ige,10,1,1,1,Featherweight,SUB,1,1:17
win,Molly McCann,107,2,2,2,Women's Flyweight,U-DEC,3,5:00
win,Mike Grundy,33,1,0,1,Featherweight,KO/TKO,2,4:42
win,Junior Dos Santos,29,0,0,0,Heavyweight,KO/TKO,2,1:58
win,Elizeu Zaleski dos Santos,6,1,1,2,Welterweight,SUB,1,2:35
win,Niko Price,32,0,0,0,Welterweight,KO/TKO,1,4:50
win,Blagoy Ivanov,72,0,0,0,Heavyweight,U-DEC,3,5:00
win,Beneil Dariush,37,2,1,4,Lightweight,SUB,2,4:41
win,Omari Akhmedov,52,0,0,0,Middleweight,U-DEC,3,5:00
win,Anthony Rocco Martin,50,0,0,1,Welterweight,U-DEC,3,5:00
win,Yana Kunitskaya,98,1,0,0,Women's Bantamweight,U-DEC,3,5:00
win,Grant Dawson,57,6,1,5,Featherweight,U-DEC,3,5:00
win,Maurice Greene,70,0,0,0,Heavyweight,S-DEC,3,5:00
win,Matt Schnell,14,1,2,1,Bantamweight,SUB,1,3:18
win,Alex Morono,25,0,1,2,Welterweight,KO/TKO,1,3:34
win,Alex White,49,2,3,0,Lightweight,U-DEC,3,5:00
win,Jon Jones,125,3,0,0,Light Heavyweight,U-DEC,5,5:00
win,Kamaru Usman,141,2,0,7,Welterweight,U-DEC,5,5:00
win,Ben Askren,0,1,1,0,Welterweight,SUB,1,3:20
win,Weili Zhang,63,2,0,4,Women's Strawweight,U-DEC,3,5:00
win,Pedro Munhoz,25,0,0,1,Bantamweight,KO/TKO,1,4:52
win,Zabit Magomedsharipov,70,3,0,4,Featherweight,U-DEC,3,5:00
win,Johnny Walker,4,0,0,0,Light Heavyweight,KO/TKO,1,0:36
win,Cody Stamann,48,0,0,0,Bantamweight,U-DEC,3,5:00
win,Diego Sanchez,56,4,0,5,Welterweight,KO/TKO,2,4:13
win,Edmen Shahbazyan,13,0,0,0,Middleweight,KO/TKO,1,0:38
win,Macy Chiasson,25,0,0,0,Women's Bantamweight,KO/TKO,1,1:49
win,Hannah Cifers,67,0,0,0,Women's Strawweight,S-DEC,3,5:00
win,Thiago Santos,52,1,0,1,Light Heavyweight,KO/TKO,3,0:39
win,Stefan Struve,0,1,1,2,Heavyweight,SUB,2,2:21
win,Michal Oleksiejczuk,14,0,0,0,Light Heavyweight,KO/TKO,1,1:34
win,Liz Carmouche,14,3,2,2,Women's Flyweight,U-DEC,3,5:00
win,Petr Yan,80,2,0,0,Bantamweight,U-DEC,3,5:00
win,Magomed Ankalaev,30,1,0,2,Light Heavyweight,U-DEC,3,5:00
win,Dwight Grant,20,0,0,0,Welterweight,KO/TKO,1,4:59
win,Chris Fishgold,14,5,2,5,Featherweight,SUB,2,1:10
win,Gillian Robertson,5,2,1,7,Women's Flyweight,SUB,2,3:27
win,Damir Hadzovic,58,2,0,3,Lightweight,KO/TKO,2,2:03
win,Ismail Naurdiev,63,0,1,4,Welterweight,U-DEC,3,5:00
win,Diego Ferreira,83,0,1,0,Lightweight,U-DEC,3,5:00
win,Damir Ismagulov,64,0,0,0,Lightweight,U-DEC,3,5:00
win,Francis Ngannou,6,0,0,0,Heavyweight,KO/TKO,1,0:26
win,Paul Felder,55,0,0,0,Lightweight,U-DEC,3,5:00
win,Cynthia Calvillo,82,0,0,0,Women's Strawweight,U-DEC,3,5:00
win,Kron Gracie,2,1,1,1,Featherweight,SUB,1,2:06
win,Vicente Luque,163,0,2,1,Welterweight,KO/TKO,3,4:54
win,Andre Fili,98,0,0,0,Featherweight,U-DEC,3,5:00
win,Aljamain Sterling,101,0,0,0,Bantamweight,U-DEC,3,5:00
win,Manny Bermudez,7,1,1,2,Bantamweight,SUB,1,3:09
win,Andrea Lee,111,0,0,0,Women's Flyweight,U-DEC,3,5:00
win,Nik Lentz,71,5,1,2,Lightweight,U-DEC,3,5:00
win,Luke Sanders,39,0,0,0,Bantamweight,KO/TKO,2,1:01
win,Emily Whitmire,3,1,1,2,Women's Strawweight,SUB,1,1:01
win,Israel Adesanya,65,0,0,0,Middleweight,U-DEC,3,5:00
win,Lando Vannata,20,1,1,2,Lightweight,SUB,1,4:55
win,Ricky Simon,54,4,0,2,Bantamweight,U-DEC,3,5:00
win,Montana De La Rosa,21,2,3,7,Women's Flyweight,SUB,2,2:37
win,Jimmy Crute,14,0,0,0,Light Heavyweight,KO/TKO,1,2:49
win,Devonte Smith,19,0,0,0,Lightweight,KO/TKO,1,3:53
win,Shane Young,120,0,0,0,Featherweight,U-DEC,3,5:00
win,Kai Kara-France,58,2,0,0,Flyweight,S-DEC,3,5:00
win,Kyung Ho Kang,26,1,1,1,Bantamweight,SUB,1,3:59
win,Jalin Turner,9,0,0,1,Lightweight,KO/TKO,1,0:53
win,Jonathan Martinez,47,1,0,4,Bantamweight,U-DEC,3,5:00
win,Marlon Moraes,10,0,1,2,Bantamweight,SUB,1,3:17
win,Jose Aldo,26,0,0,0,Featherweight,KO/TKO,2,0:44
win,Demian Maia,0,2,2,1,Welterweight,SUB,1,2:38
win,Charles Oliveira,28,1,1,1,Lightweight,SUB,2,0:55
win,Johnny Walker,7,0,0,0,Light Heavyweight,KO/TKO,1,0:15
win,Livinha Souza,23,4,3,2,Women's Strawweight,S-DEC,3,5:00
win,Markus Perez,16,1,1,1,Middleweight,SUB,2,1:07
win,Mara Romero Borella,29,2,0,2,Women's Flyweight,S-DEC,3,5:00
win,Thiago Alves,83,0,0,0,Welterweight,S-DEC,3,5:00
win,Jairzinho Rozenstruik,19,0,0,0,Heavyweight,KO/TKO,2,0:54
win,Geraldo de Freitas,49,6,0,11,Featherweight,U-DEC,3,5:00
win,Said Nurmagomedov,17,0,0,0,Bantamweight,KO/TKO,1,2:28
win,Rogerio Bontorin,40,1,2,2,Flyweight,S-DEC,3,5:00
win,Henry Cejudo,18,0,0,0,Flyweight,KO/TKO,1,0:32
win,Allen Crowder,12,1,1,2,Heavyweight,DQ,2,2:28
win,Gregor Gillespie,51,6,0,7,Lightweight,KO/TKO,2,4:59
win,Joseph Benavidez,21,7,0,2,Flyweight,U-DEC,3,5:00
win,Paige VanZant,17,0,2,1,Women's Flyweight,SUB,2,1:50
win,Glover Teixeira,6,1,1,3,Light Heavyweight,SUB,1,3:21
win,Donald Cerrone,80,1,0,0,Lightweight,KO/TKO,2,3:43
win,Joanne Calderwood,85,1,2,4,Women's Flyweight,U-DEC,3,5:00
win,Alonzo Menifield,33,0,0,0,Light Heavyweight,KO/TKO,1,3:56
win,Cory Sandhagen,17,1,2,2,Bantamweight,SUB,1,3:31
win,Dennis Bermudez,63,5,2,8,Lightweight,U-DEC,3,5:00
win,Geoff Neal,71,0,0,0,Welterweight,U-DEC,3,5:00
win,Chance Rencountre,6,2,1,1,Welterweight,SUB,1,2:25
win,Jon Jones,59,1,0,3,Light Heavyweight,KO/TKO,3,2:02
win,Amanda Nunes,13,0,0,0,Women's Featherweight,KO/TKO,1,0:51
win,Michael Chiesa,10,4,1,3,Welterweight,SUB,2,0:56
win,Corey Anderson,40,0,0,0,Light Heavyweight,U-DEC,3,5:00
win,Alexander Volkanovski,54,0,0,0,Featherweight,KO/TKO,2,4:14
nc,Andrei Arlovski,44,0,0,0,Heavyweight,Overturned,3,5:00
win,Megan Anderson,3,0,0,0,Women's Featherweight,KO/TKO,1,1:01
win,Petr Yan,76,3,1,1,Bantamweight,KO/TKO,2,5:00
win,Ryan Hall,6,0,1,0,Lightweight,SUB,1,2:46
win,Nathaniel Wood,61,2,1,4,Bantamweight,SUB,3,4:12
win,Uriah Hall,39,0,0,0,Middleweight,KO/TKO,3,1:32
win,Curtis Millender,89,0,0,1,Welterweight,U-DEC,3,5:00
win,Montel Jackson,10,0,1,0,Bantamweight,SUB,1,1:40
win,Al Iaquinta,111,0,0,0,Lightweight,U-DEC,5,5:00
win,Edson Barboza,126,0,0,0,Lightweight,KO/TKO,3,2:19
win,Rob Font,111,2,1,2,Bantamweight,U-DEC,3,5:00
win,Charles Oliveira,0,1,1,1,Lightweight,SUB,1,1:15
win,Zak Ottow,14,1,0,0,Welterweight,S-DEC,3,5:00
win,Drakkar Klose,58,0,0,0,Lightweight,U-DEC,3,5:00
win,Joaquim Silva,95,1,2,1,Lightweight,KO/TKO,3,2:39
win,Jack Hermansson,41,1,1,9,Middleweight,SUB,1,4:25
win,Zak Cummings,56,0,0,1,Middleweight,U-DEC,3,5:00
win,Dan Ige,56,3,0,7,Featherweight,U-DEC,3,5:00
win,Mike Rodriguez,35,0,0,0,Light Heavyweight,KO/TKO,1,2:59
win,Juan Adams,86,2,0,4,Heavyweight,KO/TKO,3,0:58
win,Max Holloway,290,1,0,0,Featherweight,KO/TKO,4,5:00
win,Valentina Shevchenko,89,5,0,3,Women's Flyweight,U-DEC,5,5:00
win,Gunnar Nelson,11,2,1,2,Welterweight,SUB,2,4:17
win,Hakeem Dawodu,103,0,0,0,Featherweight,S-DEC,3,5:00
win,Thiago Santos,42,1,0,1,Light Heavyweight,KO/TKO,2,0:41
win,Nina Ansaroff,96,0,0,0,Women's Strawweight,U-DEC,3,5:00
win,Gilbert Burns,76,3,0,4,Lightweight,U-DEC,3,5:00
win,Jessica Eye,81,0,0,0,Women's Flyweight,S-DEC,3,5:00
win,Elias Theodorou,92,0,0,0,Middleweight,S-DEC,3,5:00
win,Brad Katona,76,0,0,0,Bantamweight,U-DEC,3,5:00
win,Dhiego Lima,5,0,0,0,Welterweight,KO/TKO,1,1:37
win,Diego Ferreira,54,2,1,6,Lightweight,KO/TKO,2,1:23
win,Aleksandar Rakic,31,0,0,0,Light Heavyweight,KO/TKO,1,4:05
win,Junior Dos Santos,26,0,0,2,Heavyweight,KO/TKO,2,2:30
win,Mauricio Rua,30,3,0,3,Light Heavyweight,KO/TKO,3,0:43
win,Justin Willis,59,0,0,0,Heavyweight,U-DEC,3,5:00
win,Anthony Rocco Martin,25,0,1,2,Welterweight,SUB,3,1:19
win,Sodiq Yusuff,23,0,0,0,Featherweight,KO/TKO,1,2:14
win,Jimmy Crute,17,1,4,9,Light Heavyweight,SUB,3,4:51
win,Aleksei Kunchenko,72,0,0,0,Welterweight,U-DEC,3,5:00
win,Wilson Reis,32,7,1,1,Flyweight,U-DEC,3,5:00
win,Keita Nakamura,41,0,0,0,Welterweight,S-DEC,3,5:00
win,Kai Kara-France,86,0,0,5,Flyweight,U-DEC,3,5:00
win,Christos Giagos,31,5,0,0,Lightweight,U-DEC,3,5:00
win,Damir Ismagulov,34,5,0,4,Lightweight,U-DEC,3,5:00
win,Kamaru Usman,130,12,0,7,Welterweight,U-DEC,5,5:00
win,Juan Espino,22,2,2,4,Heavyweight,SUB,1,3:36
win,Macy Chiasson,24,0,2,2,Women's Featherweight,SUB,2,2:11
win,Pedro Munhoz,35,0,0,0,Bantamweight,KO/TKO,1,2:39
win,Edmen Shahbazyan,22,8,0,3,Middleweight,S-DEC,3,5:00
win,Antonina Shevchenko,66,2,0,1,Women's Flyweight,U-DEC,3,5:00
win,Kevin Aguilar,86,0,0,2,Featherweight,U-DEC,3,5:00
win,Joseph Benavidez,35,1,0,0,Flyweight,KO/TKO,1,4:19
win,Maurice Greene,9,0,1,0,Heavyweight,SUB,1,2:14
win,Leah Letson,73,0,0,0,Women's Featherweight,S-DEC,3,5:00
win,Roosevelt Roberts,16,0,1,0,Lightweight,SUB,1,4:50
win,Tim Means,19,2,0,0,Welterweight,KO/TKO,1,1:18
win,Raoni Barcelos,35,2,1,3,Bantamweight,SUB,2,4:12
win,Francis Ngannou,13,0,0,0,Heavyweight,KO/TKO,1,0:45
win,Alistair Overeem,22,1,0,0,Heavyweight,KO/TKO,1,4:21
win,Song Yadong,79,2,0,2,Bantamweight,U-DEC,3,5:00
win,Jingliang Li,89,1,0,2,Welterweight,KO/TKO,3,4:07
win,Alex Morono,98,0,0,0,Welterweight,U-DEC,3,5:00
win,Yanan Wu,18,0,1,0,Women's Flyweight,SUB,1,4:00
win,Rashad Coulter,98,0,0,0,Light Heavyweight,U-DEC,3,5:00
win,Weili Zhang,45,1,2,2,Women's Strawweight,SUB,1,3:41
win,Liu Pingyuan,55,0,2,2,Bantamweight,S-DEC,3,5:00
win,Yan Xiaonan,150,0,0,0,Women's Strawweight,U-DEC,3,5:00
win,Kevin Holland,123,5,2,8,Middleweight,SUB,3,4:05
win,Louis Smolka,32,2,1,3,Bantamweight,SUB,2,2:07
win,Santiago Ponzinibbio,79,0,0,0,Welterweight,KO/TKO,4,2:36
win,Ricardo Lamas,70,3,0,1,Featherweight,KO/TKO,3,4:09
win,Johnny Walker,10,0,0,0,Light Heavyweight,KO/TKO,1,1:57
win,Ian Heinisch,55,1,2,1,Middleweight,U-DEC,3,5:00
win,Marlon Vera,24,2,2,1,Bantamweight,SUB,2,1:31
win,Cynthia Calvillo,22,2,1,2,Women's Strawweight,SUB,1,4:48
win,Michel Prazeres,18,1,1,3,Welterweight,SUB,1,1:02
win,Alexandre Pantoja,4,0,2,1,Flyweight,SUB,1,2:18
win,Austin Arnett,74,1,0,1,Featherweight,U-DEC,3,5:00
win,Laureano Staropoli,97,0,0,0,Welterweight,U-DEC,3,5:00
win,Jesus Pinedo,60,5,0,0,Lightweight,U-DEC,3,5:00
win,Nad Narimani,84,1,0,2,Featherweight,U-DEC,3,5:00
win,Yair Rodriguez,119,0,0,0,Featherweight,KO/TKO,5,4:59
win,Donald Cerrone,9,0,1,2,Welterweight,SUB,1,4:46
win,Germaine de Randamie,42,0,0,0,Women's Bantamweight,U-DEC,3,5:00
win,Beneil Dariush,44,4,2,5,Lightweight,U-DEC,3,5:00
win,Maycee Barber,68,1,0,1,Women's Strawweight,KO/TKO,2,2:01
win,Michael Trizano,51,1,1,0,Lightweight,S-DEC,3,5:00
win,Ashley Yoder,38,1,3,2,Women's Strawweight,S-DEC,3,5:00
win,Bobby Moffett,20,1,1,1,Featherweight,SUB,2,2:43
win,Davi Ramos,4,1,1,2,Lightweight,SUB,1,1:57
win,Devonte Smith,13,0,0,0,Lightweight,KO/TKO,1,0:46
win,Eric Shelton,16,7,0,1,Flyweight,S-DEC,3,5:00
win,Mark De La Rosa,66,0,0,0,Bantamweight,S-DEC,3,5:00
win,Daniel Cormier,19,4,1,4,Heavyweight,SUB,2,2:14
win,Jacare Souza,74,0,0,0,Middleweight,KO/TKO,3,2:46
win,Jared Cannonier,26,0,0,0,Middleweight,KO/TKO,2,0:39
win,Karl Roberson,34,2,0,3,Middleweight,U-DEC,3,5:00
win,Israel Adesanya,13,0,0,0,Middleweight,KO/TKO,1,4:51
win,Jordan Rinaldi,20,3,2,8,Featherweight,U-DEC,3,5:00
win,Sijara Eubanks,57,3,0,2,Women's Flyweight,U-DEC,3,5:00
win,Sheymon Moraes,32,0,0,0,Featherweight,S-DEC,3,5:00
win,Lyman Good,14,0,0,0,Welterweight,KO/TKO,1,1:32
draw,Matt Frevola,66,2,1,1,Lightweight,M-DEC,3,5:00
win,Shane Burgos,17,0,1,0,Featherweight,SUB,1,2:11
win,Marcos Rogerio de Lima,28,3,0,3,Heavyweight,U-DEC,3,5:00
win,Anthony Smith,63,1,2,1,Light Heavyweight,SUB,3,4:26
win,Michael Johnson,99,1,0,0,Featherweight,U-DEC,3,5:00
win,Misha Cirkunov,11,1,2,1,Light Heavyweight,SUB,1,2:40
win,Andre Soukhamthath,79,3,1,1,Bantamweight,U-DEC,3,5:00
win,Gian Villante,81,0,0,0,Light Heavyweight,S-DEC,3,5:00
win,Court McGee,51,2,0,4,Welterweight,U-DEC,3,5:00
win,Sean Strickland,65,0,0,1,Welterweight,KO/TKO,2,3:10
win,Nasrat Haqparast,124,0,0,0,Lightweight,U-DEC,3,5:00
win,Calvin Kattar,24,0,0,0,Featherweight,KO/TKO,1,4:11
win,Talita Bernardo,60,2,1,6,Women's Bantamweight,U-DEC,3,5:00
win,Don Madge,21,0,1,0,Lightweight,KO/TKO,2,0:14
win,Arjan Bhullar,47,1,0,0,Heavyweight,U-DEC,3,5:00
win,Stevie Ray,75,0,0,0,Lightweight,U-DEC,3,5:00
win,Khabib Nurmagomedov,70,3,1,5,Lightweight,SUB,4,3:03
win,Tony Ferguson,114,0,0,0,Lightweight,KO/TKO,2,5:00
win,Dominick Reyes,94,0,0,0,Light Heavyweight,U-DEC,3,5:00
win,Derrick Lewis,39,0,0,0,Heavyweight,KO/TKO,3,4:49
win,Michelle Waterson,76,0,0,2,Women's Strawweight,U-DEC,3,5:00
win,Jussier Formiga,18,2,0,2,Flyweight,U-DEC,3,5:00
win,Vicente Luque,41,0,0,0,Welterweight,KO/TKO,1,3:52
win,Aspen Ladd,50,0,0,1,Women's Bantamweight,KO/TKO,1,3:26
win,Scott Holtzman,73,1,0,4,Lightweight,KO/TKO,3,3:42
win,Yana Kunitskaya,72,5,1,2,Women's Bantamweight,U-DEC,3,5:00
win,Nik Lentz,75,2,1,3,Lightweight,KO/TKO,2,1:19
win,Anthony Rocco Martin,36,0,1,4,Welterweight,KO/TKO,3,1:00
win,Thiago Santos,100,1,0,1,Light Heavyweight,KO/TKO,3,5:00
win,Alex Oliveira,7,0,0,0,Welterweight,KO/TKO,1,0:39
win,Rogerio Nogueira,26,0,0,0,Light Heavyweight,KO/TKO,2,1:00
win,Andre Ewell,53,1,0,0,Bantamweight,S-DEC,3,5:00
draw,Randa Markos,48,2,0,4,Women's Strawweight,M-DEC,3,5:00
win,Charles Oliveira,28,2,1,3,Lightweight,SUB,2,3:22
win,Francisco Trinaldo,28,0,0,1,Lightweight,KO/TKO,2,4:10
win,Ryan Spann,46,0,1,5,Light Heavyweight,U-DEC,3,5:00
win,Augusto Sakai,111,1,0,1,Heavyweight,KO/TKO,3,4:03
win,Sergio Moraes,2,2,2,4,Welterweight,SUB,2,4:42
win,Mayra Bueno Silva,11,0,1,0,Women's Flyweight,SUB,1,4:55
win,Thales Leites,54,2,0,0,Middleweight,U-DEC,3,5:00
win,Elizeu Zaleski dos Santos,15,0,0,0,Welterweight,KO/TKO,2,1:20
win,Livinha Souza,10,1,1,2,Women's Strawweight,SUB,1,1:21
win,Aleksei Oleinik,3,1,1,1,Heavyweight,SUB,1,4:26
win,Jan Blachowicz,10,1,1,4,Light Heavyweight,SUB,2,2:41
win,Shamil Abdurakhimov,32,2,0,0,Heavyweight,U-DEC,3,5:00
win,Aleksei Kunchenko,44,1,0,0,Welterweight,U-DEC,3,5:00
win,Khalid Murtazaliev,48,5,0,5,Middleweight,KO/TKO,2,5:00
win,Petr Yan,100,0,0,0,Bantamweight,U-DEC,3,5:00
win,Rustam Khabilov,17,3,0,0,Lightweight,S-DEC,3,5:00
win,Mairbek Taisumov,27,0,0,0,Lightweight,U-DEC,3,5:00
win,Magomed Ankalaev,12,0,0,0,Light Heavyweight,KO/TKO,1,3:09
win,Jordan Johnson,35,3,2,4,Middleweight,SUB,2,0:42
win,Ramazan Emeev,36,2,1,1,Welterweight,U-DEC,3,5:00
win,Merab Dvalishvili,62,5,0,4,Bantamweight,U-DEC,3,5:00
win,Tyron Woodley,57,0,1,1,Welterweight,SUB,2,4:19
win,Jessica Andrade,38,0,0,0,Women's Strawweight,KO/TKO,1,1:58
win,Zabit Magomedsharipov,38,6,1,1,Featherweight,SUB,2,3:46
win,Jimmie Rivera,62,0,0,0,Bantamweight,U-DEC,3,5:00
win,Abdul Razak Alhassan,15,0,0,0,Welterweight,KO/TKO,1,0:43
win,Tatiana Suarez,82,9,0,14,Women's Strawweight,KO/TKO,3,4:33
win,Aljamain Sterling,33,2,2,4,Bantamweight,SUB,2,3:42
win,Geoff Neal,59,0,0,0,Welterweight,KO/TKO,2,1:23
win,Darren Stewart,24,0,0,0,Middleweight,KO/TKO,2,2:17
win,Diego Sanchez,46,3,0,5,Welterweight,U-DEC,3,5:00
win,Jim Miller,15,1,1,2,Lightweight,SUB,1,1:29
win,Irene Aldana,119,0,0,0,Women's Bantamweight,S-DEC,3,5:00
win,Jarred Brooks,24,2,1,1,Flyweight,S-DEC,3,5:00
win,Justin Gaethje,7,0,0,0,Lightweight,KO/TKO,1,1:27
win,Michael Johnson,65,0,0,0,Featherweight,S-DEC,3,5:00
win,Cortney Casey,111,1,0,1,Women's Strawweight,S-DEC,3,5:00
win,Bryan Barberena,19,0,0,0,Welterweight,KO/TKO,1,2:26
win,Deiveson Figueiredo,29,2,1,2,Flyweight,KO/TKO,2,3:08
win,Eryk Anders,42,0,0,1,Middleweight,KO/TKO,3,4:42
win,James Krause,59,0,0,0,Welterweight,KO/TKO,2,2:28
win,Cory Sandhagen,66,0,0,2,Bantamweight,KO/TKO,2,1:01
win,Andrew Sanchez,73,0,0,0,Middleweight,U-DEC,3,5:00
win,Mickey Gall,0,1,1,1,Welterweight,SUB,1,1:09
win,Joanne Calderwood,5,0,2,0,Women's Flyweight,SUB,1,4:57
win,Drew Dober,60,2,0,3,Lightweight,U-DEC,3,5:00
win,Rani Yahya,4,0,2,0,Bantamweight,SUB,1,1:31
win,TJ Dillashaw,45,0,0,0,Bantamweight,KO/TKO,1,4:10
win,Henry Cejudo,51,3,0,2,Flyweight,S-DEC,5,5:00
win,Renato Moicano,17,1,1,4,Featherweight,SUB,1,4:15
win,JJ Aldrich,40,0,0,1,Women's Strawweight,U-DEC,3,5:00
win,Thiago Santos,69,3,1,8,Middleweight,U-DEC,3,5:00
win,Pedro Munhoz,117,0,1,4,Bantamweight,U-DEC,3,5:00
win,Ricky Simon,25,7,0,4,Bantamweight,U-DEC,3,5:00
win,Ricardo Ramos,54,1,1,0,Bantamweight,S-DEC,3,5:00
win,Sheymon Moraes,73,0,0,0,Featherweight,U-DEC,3,5:00
win,Alex Perez,84,0,0,0,Flyweight,KO/TKO,1,3:46
win,Weili Zhang,77,1,0,1,Women's Strawweight,U-DEC,3,5:00
win,Marlon Vera,45,1,0,1,Bantamweight,KO/TKO,2,4:53
win,Dustin Poirier,54,0,2,0,Lightweight,KO/TKO,2,4:05
win,Jose Aldo,29,0,0,1,Featherweight,KO/TKO,1,4:19
win,Joanna Jedrzejczyk,62,0,0,0,Women's Strawweight,U-DEC,3,5:00
win,Alexander Hernandez,39,4,0,2,Lightweight,U-DEC,3,5:00
win,Jordan Mein,14,3,0,5,Welterweight,U-DEC,3,5:00
win,Hakeem Dawodu,75,0,0,0,Featherweight,U-DEC,3,5:00
win,Islam Makhachev,7,1,1,2,Lightweight,SUB,1,4:43
win,Ion Cutelaba,40,0,0,0,Light Heavyweight,KO/TKO,1,4:25
win,John Makdessi,131,0,0,0,Lightweight,U-DEC,3,5:00
win,Katlyn Chookagian,62,0,0,0,Women's Flyweight,U-DEC,3,5:00
win,Dustin Ortiz,8,0,0,0,Flyweight,KO/TKO,1,3:49
win,Nina Ansaroff,49,0,0,1,Women's Strawweight,U-DEC,3,5:00
win,Devin Powell,12,0,0,0,Lightweight,KO/TKO,1,1:52
win,Anthony Smith,23,0,0,0,Light Heavyweight,KO/TKO,1,1:29
win,Corey Anderson,48,7,0,7,Light Heavyweight,U-DEC,3,5:00
win,Abu Azaitar,48,1,0,2,Middleweight,U-DEC,3,5:00
win,Marcin Tybura,41,5,0,3,Heavyweight,U-DEC,3,5:00
win,Danny Roberts,45,0,1,4,Welterweight,S-DEC,3,5:00
win,Nasrat Haqparast,93,0,0,0,Lightweight,U-DEC,3,5:00
win,Damir Hadzovic,71,0,0,0,Lightweight,S-DEC,3,5:00
win,Bartosz Fabinski,35,6,0,8,Welterweight,U-DEC,3,5:00
win,Nad Narimani,45,6,0,6,Featherweight,U-DEC,3,5:00
win,Aleksandar Rakic,104,3,0,4,Light Heavyweight,U-DEC,3,5:00
win,Manny Bermudez,3,0,2,1,Bantamweight,SUB,1,0:59
win,Darko Stosic,9,0,0,0,Light Heavyweight,KO/TKO,1,3:13
win,Liu Pingyuan,32,1,2,0,Bantamweight,U-DEC,3,5:00
win,Junior Dos Santos,110,0,0,0,Heavyweight,U-DEC,5,5:00
win,Sage Northcutt,24,1,1,1,Welterweight,KO/TKO,2,3:13
win,Rick Glenn,48,0,1,0,Featherweight,S-DEC,3,5:00
win,Niko Price,12,1,0,0,Welterweight,KO/TKO,2,1:09
win,Chad Mendes,17,0,0,0,Featherweight,KO/TKO,1,2:52
win,Cat Zingano,33,6,0,2,Women's Bantamweight,U-DEC,3,5:00
win,Alejandro Perez,53,0,0,0,Bantamweight,U-DEC,3,5:00
win,Alexander Volkanovski,100,2,3,0,Featherweight,U-DEC,3,5:00
win,Said Nurmagomedov,65,1,0,0,Flyweight,S-DEC,3,5:00
win,Raoni Barcelos,82,3,0,1,Featherweight,KO/TKO,3,1:29
win,Liz Carmouche,53,3,0,5,Women's Flyweight,U-DEC,3,5:00
win,Mark De La Rosa,25,2,1,1,Flyweight,SUB,2,2:00
win,Jessica Aguilar,128,0,0,0,Women's Strawweight,U-DEC,3,5:00
win,Daniel Cormier,25,0,0,0,Heavyweight,KO/TKO,1,4:33
win,Derrick Lewis,20,0,0,0,Heavyweight,U-DEC,3,5:00
win,Mike Perry,62,2,0,0,Welterweight,S-DEC,3,5:00
win,Anthony Pettis,9,0,2,0,Lightweight,SUB,2,0:52
win,Khalil Rountree Jr.,9,0,0,0,Light Heavyweight,KO/TKO,1,1:36
win,Paulo Costa,75,0,0,0,Middleweight,KO/TKO,2,2:38
win,Raphael Assuncao,54,2,0,4,Bantamweight,U-DEC,3,5:00
win,Drakkar Klose,55,1,0,0,Lightweight,U-DEC,3,5:00
win,Curtis Millender,38,1,0,0,Welterweight,U-DEC,3,5:00
win,Dan Hooker,22,0,1,0,Lightweight,KO/TKO,1,2:28
win,Emily Whitmire,53,1,0,1,Women's Strawweight,U-DEC,3,5:00
win,Israel Adesanya,119,0,1,2,Middleweight,U-DEC,5,5:00
win,Michael Trizano,42,0,1,2,Lightweight,S-DEC,3,5:00
win,Brad Katona,71,2,0,3,Featherweight,U-DEC,3,5:00
win,Alex Caceres,82,0,0,1,Featherweight,S-DEC,3,5:00
win,Roxanne Modafferi,51,1,0,4,Women's Flyweight,KO/TKO,2,3:32
win,Alessio Di Chirico,50,4,0,2,Middleweight,S-DEC,3,5:00
win,Montana De La Rosa,56,0,1,2,Women's Flyweight,SUB,3,4:21
win,Luis Pena,8,1,1,1,Lightweight,SUB,1,3:32
win,John Gunther,27,8,0,3,Lightweight,M-DEC,3,5:00
win,Bryce Mitchell,38,3,1,0,Featherweight,M-DEC,3,5:00
win,Steven Peterson,74,2,1,2,Featherweight,S-DEC,3,5:00
win,Gerald Meerschaert,51,3,2,3,Middleweight,SUB,2,4:55
win,Leon Edwards,84,0,0,0,Welterweight,U-DEC,5,5:00
win,Ovince Saint Preux,7,0,1,0,Light Heavyweight,SUB,1,2:54
win,Jessica Eye,67,1,0,2,Women's Flyweight,U-DEC,3,5:00
win,Jingliang Li,96,0,0,0,Welterweight,U-DEC,3,5:00
win,Petr Yan,25,0,0,1,Bantamweight,KO/TKO,1,3:28
win,Song Yadong,39,1,1,3,Bantamweight,KO/TKO,2,4:59
win,Shane Young,104,1,0,1,Featherweight,KO/TKO,2,4:40
win,Kenan Song,32,0,0,0,Welterweight,KO/TKO,2,4:45
win,Jake Matthews,12,1,1,2,Welterweight,SUB,1,2:44
win,Yan Xiaonan,71,0,0,0,Women's Strawweight,U-DEC,3,5:00
win,Matt Schnell,71,0,0,0,Flyweight,S-DEC,3,5:00
win,Ulka Sasaki,25,5,1,9,Flyweight,SUB,2,4:04
win,Ji Yeon Kim,73,0,0,0,Women's Flyweight,S-DEC,3,5:00
win,Robert Whittaker,128,0,0,0,Middleweight,S-DEC,5,5:00
win,Colby Covington,99,7,0,2,Welterweight,U-DEC,5,5:00
win,Holly Holm,47,4,1,9,Women's Featherweight,U-DEC,3,5:00
win,Tai Tuivasa,54,0,0,1,Heavyweight,U-DEC,3,5:00
win,Mike Jackson,64,1,0,1,Welterweight,U-DEC,3,5:00
win,Curtis Blaydes,37,4,0,6,Heavyweight,KO/TKO,3,2:56
win,Claudia Gadelha,26,4,1,6,Women's Strawweight,S-DEC,3,5:00
win,Mirsad Bektic,31,2,0,1,Featherweight,S-DEC,3,5:00
win,Chris de la Rocha,40,3,2,5,Heavyweight,KO/TKO,2,3:53
win,Anthony Smith,6,0,0,0,Light Heavyweight,KO/TKO,1,0:53
win,Sergio Pettis,74,0,0,0,Flyweight,S-DEC,3,5:00
win,Charles Oliveira,14,0,1,0,Lightweight,SUB,1,2:18
win,Dan Ige,25,1,0,2,Featherweight,KO/TKO,1,0:50
win,Marlon Moraes,7,0,0,0,Bantamweight,KO/TKO,1,0:33
win,Gregor Gillespie,13,7,2,7,Lightweight,SUB,2,4:06
win,Walt Harris,29,0,0,0,Heavyweight,KO/TKO,2,4:59
win,Ben Saunders,10,0,0,0,Welterweight,KO/TKO,1,1:56
win,Julio Arce,63,0,1,1,Featherweight,SUB,3,2:55
win,Sam Alvey,53,0,0,0,Light Heavyweight,S-DEC,3,5:00
win,Sijara Eubanks,75,2,0,2,Women's Flyweight,U-DEC,3,5:00
win,David Teymur,67,0,0,0,Lightweight,U-DEC,3,5:00
win,Belal Muhammad,70,3,1,1,Welterweight,U-DEC,3,5:00
win,Desmond Green,77,0,0,0,Lightweight,U-DEC,3,5:00
win,Nathaniel Wood,33,0,1,1,Bantamweight,SUB,2,2:18
win,Jose Torres,22,1,0,0,Flyweight,KO/TKO,2,2:55
win,Darren Till,38,0,0,0,Welterweight,U-DEC,5,5:00
win,Neil Magny,18,0,0,1,Welterweight,KO/TKO,1,4:32
win,Arnold Allen,29,0,1,0,Featherweight,SUB,3,2:41
win,Makwan Amirkhani,27,3,0,2,Featherweight,S-DEC,3,5:00
win,Claudio Silva,18,1,1,4,Welterweight,SUB,1,4:31
win,Darren Stewart,34,0,0,0,Middleweight,KO/TKO,2,1:47
win,Tom Breese,23,0,0,0,Middleweight,KO/TKO,1,3:33
win,Lina Lansberg,40,1,0,0,Women's Bantamweight,U-DEC,3,5:00
win,Carlo Pedersoli,67,3,0,1,Welterweight,S-DEC,3,5:00
win,Gillian Robertson,17,2,1,6,Women's Flyweight,SUB,2,2:05
win,Elias Theodorou,77,0,0,0,Middleweight,U-DEC,3,5:00
win,Kamaru Usman,66,0,0,0,Welterweight,U-DEC,5,5:00
win,Tatiana Suarez,2,2,1,4,Women's Strawweight,SUB,1,2:44
win,Dominick Reyes,20,0,0,0,Light Heavyweight,KO/TKO,1,2:55
win,Guido Cannetti,25,1,1,4,Bantamweight,U-DEC,3,5:00
win,Andrea Lee,56,3,2,8,Women's Flyweight,U-DEC,3,5:00
win,Vicente Luque,14,0,0,0,Welterweight,KO/TKO,1,4:16
win,Michel Prazeres,30,3,0,3,Welterweight,S-DEC,3,5:00
win,Alexandre Pantoja,79,0,0,2,Flyweight,U-DEC,3,5:00
win,Poliana Botelho,9,0,0,0,Women's Strawweight,KO/TKO,1,0:33
win,Gabriel Benitez,9,1,0,0,Featherweight,KO/TKO,1,0:39
win,Enrique Barzola,51,10,1,5,Featherweight,U-DEC,3,5:00
win,Frankie Saenz,66,4,0,2,Bantamweight,U-DEC,3,5:00
win,Claudio Puelles,16,2,1,0,Lightweight,SUB,3,2:23
win,Amanda Nunes,124,3,0,2,Women's Bantamweight,KO/TKO,5,2:36
win,Kelvin Gastelum,53,0,0,0,Middleweight,S-DEC,3,5:00
win,Mackenzie Dern,15,0,1,3,Women's Strawweight,SUB,1,2:27
win,John Lineker,102,0,1,0,Bantamweight,KO/TKO,3,3:43
win,Lyoto Machida,11,0,0,0,Middleweight,KO/TKO,2,1:00
win,Cezar Ferreira,5,2,1,3,Middleweight,SUB,1,4:45
win,Aleksei Oleinik,10,0,1,0,Heavyweight,SUB,1,1:45
win,Davi Ramos,6,1,1,2,Lightweight,SUB,1,4:15
win,Elizeu Zaleski dos Santos,15,0,0,0,Welterweight,KO/TKO,1,3:40
win,Warlley Alves,29,0,0,0,Welterweight,KO/TKO,2,5:00
win,Jack Hermansson,35,3,1,1,Middleweight,KO/TKO,3,2:10
win,Ramazan Emeev,39,3,0,0,Welterweight,U-DEC,3,5:00
win,Markus Perez,4,1,2,4,Middleweight,SUB,1,4:28
win,Kevin Lee,142,4,0,11,Lightweight,KO/TKO,5,2:18
win,Frankie Edgar,58,0,0,0,Featherweight,U-DEC,3,5:00
win,Justin Willis,76,1,0,1,Heavyweight,U-DEC,3,5:00
win,David Branch,5,0,0,1,Middleweight,KO/TKO,1,2:30
win,Aljamain Sterling,89,3,0,2,Bantamweight,U-DEC,3,5:00
win,Dan Hooker,24,0,0,0,Lightweight,KO/TKO,1,3:00
win,Ryan LaFlare,24,1,0,1,Welterweight,U-DEC,3,5:00
win,Ricky Simon,34,2,1,2,Bantamweight,KO/TKO,3,5:00
win,Siyar Bahadurzada,33,1,0,0,Welterweight,KO/TKO,2,2:40
win,Corey Anderson,64,12,0,6,Light Heavyweight,U-DEC,3,5:00
win,Anthony Rocco Martin,56,0,2,1,Welterweight,U-DEC,3,5:00
win,Dustin Poirier,174,0,0,0,Lightweight,KO/TKO,4,0:33
win,Alex Oliveira,9,3,1,4,Welterweight,SUB,2,3:17
win,Israel Adesanya,57,0,0,0,Middleweight,S-DEC,3,5:00
win,Michelle Waterson,61,3,0,0,Women's Strawweight,S-DEC,3,5:00
win,Antonio Carlos Junior,31,1,1,1,Middleweight,SUB,1,4:28
win,Muslim Salikhov,25,0,0,0,Welterweight,KO/TKO,2,4:12
win,John Moraga,46,0,1,1,Flyweight,U-DEC,3,5:00
win,Brad Tavares,46,0,0,0,Middleweight,KO/TKO,3,2:16
win,Gilbert Burns,31,2,0,2,Lightweight,KO/TKO,2,0:59
win,Lauren Mueller,58,2,0,1,Women's Flyweight,U-DEC,3,5:00
win,Yushin Okami,15,6,0,6,Welterweight,U-DEC,3,5:00
win,Adam Wieczorek,13,0,1,0,Heavyweight,SUB,2,1:59
win,Alejandro Perez,44,0,0,0,Bantamweight,KO/TKO,2,3:42
win,Luke Sanders,59,0,0,0,Bantamweight,U-DEC,3,5:00
win,Khabib Nurmagomedov,134,6,1,7,Lightweight,U-DEC,5,5:00
win,Rose Namajunas,105,1,0,0,Women's Strawweight,U-DEC,5,5:00
win,Renato Moicano,116,0,0,0,Featherweight,U-DEC,3,5:00
win,Zabit Magomedsharipov,97,5,0,1,Featherweight,U-DEC,3,5:00
win,Chris Gruetzemacher,128,0,0,0,Lightweight,KO/TKO,2,5:00
win,Karolina Kowalkiewicz,126,0,0,1,Women's Strawweight,S-DEC,3,5:00
win,Olivier Aubin-Mercier,13,0,0,0,Lightweight,KO/TKO,1,0:53
win,Ashlee Evans-Smith,116,1,0,0,Women's Flyweight,U-DEC,3,5:00
win,Devin Clark,50,7,0,2,Light Heavyweight,U-DEC,3,5:00
win,Alexander Volkov,48,2,0,0,Heavyweight,KO/TKO,4,1:38
win,Jan Blachowicz,97,1,0,0,Light Heavyweight,U-DEC,3,5:00
win,Tom Duquesnoy,67,0,0,0,Bantamweight,U-DEC,3,5:00
win,Leon Edwards,42,1,0,4,Welterweight,KO/TKO,3,4:59
win,Charles Byrd,11,1,1,3,Middleweight,SUB,1,3:58
win,Danny Roberts,4,0,0,0,Welterweight,KO/TKO,1,2:12
win,Danny Henry,2,0,1,0,Featherweight,SUB,1,0:39
win,Paul Craig,18,2,1,1,Light Heavyweight,SUB,3,4:59
win,Kajan Johnson,33,2,0,2,Lightweight,S-DEC,3,5:00
win,Dmitry Sosnovskiy,28,2,2,5,Heavyweight,SUB,2,4:29
win,Cris Cyborg,33,1,0,0,Women's Featherweight,KO/TKO,1,3:25
win,Brian Ortega,25,0,0,0,Featherweight,KO/TKO,1,4:44
win,Sean O'Malley,63,0,3,1,Bantamweight,U-DEC,3,5:00
win,Andrei Arlovski,46,4,0,2,Heavyweight,U-DEC,3,5:00
win,Ketlen Vieira,41,2,1,7,Women's Bantamweight,S-DEC,3,5:00
win,Mackenzie Dern,70,1,1,1,Women's Strawweight,S-DEC,3,5:00
win,Alexander Hernandez,8,0,0,1,Lightweight,KO/TKO,1,0:42
win,John Dodson,76,0,0,0,Bantamweight,S-DEC,3,5:00
win,CB Dollaway,13,0,0,0,Middleweight,DQ,1,5:00
win,Zak Ottow,22,0,0,0,Welterweight,KO/TKO,1,2:34
win,Cody Stamann,95,0,0,0,Bantamweight,S-DEC,3,5:00
win,Jordan Johnson,59,2,0,0,Light Heavyweight,S-DEC,3,5:00
win,Jeremy Stephens,24,0,0,0,Featherweight,KO/TKO,2,1:35
win,Jessica Andrade,92,10,0,8,Women's Strawweight,U-DEC,3,5:00
win,Ilir Latifi,25,0,1,0,Light Heavyweight,SUB,1,3:48
win,Max Griffin,78,0,0,0,Welterweight,U-DEC,3,5:00
win,Brian Kelleher,94,1,0,0,Bantamweight,U-DEC,3,5:00
win,Marion Reneau,23,0,1,0,Women's Bantamweight,SUB,2,3:40
win,Angela Hill,114,1,0,1,Women's Strawweight,U-DEC,3,5:00
win,Alan Jouban,78,0,0,1,Welterweight,KO/TKO,2,2:38
win,Sam Alvey,10,1,0,1,Light Heavyweight,KO/TKO,1,4:23
win,Rani Yahya,17,2,2,5,Bantamweight,SUB,3,2:32
win,Alex Perez,29,5,0,1,Flyweight,U-DEC,3,5:00
win,Manny Bermudez,12,1,3,4,Bantamweight,SUB,2,2:33
win,Donald Cerrone,28,0,0,0,Welterweight,KO/TKO,1,4:58
win,Derrick Lewis,30,1,0,2,Heavyweight,KO/TKO,3,2:48
win,James Vick,68,1,0,0,Lightweight,U-DEC,3,5:00
win,Curtis Millender,47,0,0,0,Welterweight,KO/TKO,2,4:17
win,Brandon Davis,114,0,0,1,Featherweight,U-DEC,3,5:00
win,Sage Northcutt,63,1,0,1,Lightweight,U-DEC,3,5:00
win,Diego Ferreira,29,0,0,2,Lightweight,KO/TKO,1,1:58
win,Geoff Neal,14,0,1,0,Welterweight,SUB,1,2:48
win,Roberto Sanchez,2,3,1,2,Flyweight,SUB,1,1:50
win,Lucie Pudilova,75,0,0,2,Women's Bantamweight,U-DEC,3,5:00
win,Alex Morono,7,0,1,0,Welterweight,SUB,1,2:12
win,Oskar Piechota,17,0,0,0,Middleweight,KO/TKO,1,1:54
win,Yoel Romero,45,0,0,0,Middleweight,KO/TKO,3,1:48
win,Curtis Blaydes,56,10,0,10,Heavyweight,U-DEC,3,5:00
win,Tai Tuivasa,38,0,0,0,Heavyweight,KO/TKO,1,2:18
win,Jake Matthews,63,2,1,4,Welterweight,U-DEC,3,5:00
win,Tyson Pedro,12,0,1,0,Light Heavyweight,SUB,1,3:54
win,Dong Hyun Ma,67,0,0,0,Lightweight,S-DEC,3,5:00
win,Israel Adesanya,52,0,0,0,Middleweight,KO/TKO,2,3:37
win,Alexander Volkanovski,73,2,0,4,Featherweight,KO/TKO,2,4:57
win,Jussier Formiga,27,2,1,4,Flyweight,SUB,3,1:43
win,Ross Pearson,58,0,0,0,Lightweight,U-DEC,3,5:00
win,Jose Quinonez,49,2,0,1,Bantamweight,U-DEC,3,5:00
win,Luke Jumeau,63,1,0,0,Welterweight,U-DEC,3,5:00
win,Lyoto Machida,62,0,0,0,Middleweight,S-DEC,5,5:00
win,Valentina Shevchenko,95,2,2,4,Women's Flyweight,SUB,2,4:25
win,Michel Prazeres,36,3,3,3,Lightweight,U-DEC,3,5:00
win,Tim Johnson,77,0,0,0,Heavyweight,U-DEC,3,5:00
win,Douglas Silva de Andrade,97,1,0,0,Bantamweight,U-DEC,3,5:00
win,Thiago Santos,58,0,0,0,Middleweight,KO/TKO,2,1:03
win,Sergio Moraes,87,0,0,0,Welterweight,S-DEC,3,5:00
win,Alan Patrick,28,9,0,6,Lightweight,U-DEC,3,5:00
win,Polyana Viana,12,1,3,4,Women's Strawweight,SUB,1,3:50
win,Iuri Alcantara,17,0,0,1,Bantamweight,KO/TKO,1,1:06
win,Deiveson Figueiredo,31,2,1,3,Flyweight,KO/TKO,2,4:34
win,Jacare Souza,9,0,0,0,Middleweight,KO/TKO,1,3:50
win,Andre Fili,80,4,0,1,Featherweight,S-DEC,3,5:00
win,Gregor Gillespie,34,1,0,7,Lightweight,KO/TKO,1,4:46
win,Drew Dober,145,0,0,0,Welterweight,U-DEC,3,5:00
win,Bobby Green,110,1,0,2,Lightweight,U-DEC,3,5:00
win,Mirsad Bektic,12,0,0,0,Featherweight,KO/TKO,1,2:47
win,Katlyn Chookagian,68,0,1,0,Women's Flyweight,U-DEC,3,5:00
win,Randa Markos,46,2,0,6,Women's Strawweight,U-DEC,3,5:00
win,Ji Yeon Kim,68,0,0,0,Women's Flyweight,S-DEC,3,5:00
win,Vinc Pichel,60,1,0,0,Lightweight,U-DEC,3,5:00
win,Niko Price,24,2,3,3,Welterweight,SUB,2,4:21
win,Cory Sandhagen,80,1,0,1,Featherweight,KO/TKO,2,3:48
win,Stipe Miocic,70,6,0,4,Heavyweight,U-DEC,5,5:00
win,Daniel Cormier,32,2,1,3,Light Heavyweight,KO/TKO,2,2:00
win,Calvin Kattar,85,0,0,0,Featherweight,KO/TKO,3,0:32
win,Gian Villante,74,0,0,0,Light Heavyweight,S-DEC,3,5:00
win,Rob Font,41,1,0,0,Bantamweight,KO/TKO,2,2:24
win,Kyle Bochniak,33,3,0,0,Featherweight,U-DEC,3,5:00
win,Abdul Razak Alhassan,13,0,0,0,Welterweight,KO/TKO,1,3:47
win,Dustin Ortiz,36,7,0,1,Flyweight,U-DEC,3,5:00
win,Julio Arce,72,0,0,0,Featherweight,U-DEC,3,5:00
win,Enrique Barzola,55,5,0,0,Featherweight,U-DEC,3,5:00
win,Islam Makhachev,3,0,0,0,Lightweight,KO/TKO,1,0:57
win,Jeremy Stephens,49,0,0,0,Featherweight,KO/TKO,2,2:36
win,Jessica-Rose Clark,55,2,1,4,Women's Flyweight,U-DEC,3,5:00
win,Kamaru Usman,50,8,0,7,Welterweight,U-DEC,3,5:00
win,Darren Elkins,18,1,1,2,Featherweight,SUB,2,2:22
win,James Krause,35,3,2,4,Lightweight,U-DEC,3,5:00
win,Polo Reyes,18,0,0,0,Lightweight,KO/TKO,1,1:00
win,Irene Aldana,70,1,0,6,Women's Bantamweight,U-DEC,3,5:00
win,Kyung Ho Kang,3,1,1,1,Bantamweight,SUB,1,4:53
win,Jessica Eye,25,3,6,3,Women's Flyweight,S-DEC,3,5:00
win,JJ Aldrich,54,1,0,1,Women's Strawweight,U-DEC,3,5:00
win,Mads Burnell,20,3,1,11,Featherweight,U-DEC,3,5:00
win,Cris Cyborg,118,0,0,0,Women's Featherweight,U-DEC,5,5:00
win,Khabib Nurmagomedov,89,4,0,4,Lightweight,U-DEC,3,5:00
win,Dan Hooker,17,2,1,1,Lightweight,SUB,3,0:42
win,Carla Esparza,48,2,1,0,Women's Strawweight,U-DEC,3,5:00
win,Neil Magny,32,6,0,1,Welterweight,U-DEC,3,5:00
nc,Khalil Rountree Jr.,52,0,1,0,Light Heavyweight,U-DEC,3,5:00
win,Myles Jury,41,2,0,2,Featherweight,U-DEC,3,5:00
draw,Marvin Vettori,66,0,2,1,Middleweight,M-DEC,3,5:00
win,Matheus Nicolau,87,3,2,6,Flyweight,U-DEC,3,5:00
win,Tim Elliott,12,1,2,6,Bantamweight,SUB,2,1:41
win,Rafael Dos Anjos,172,2,0,1,Welterweight,U-DEC,5,5:00
win,Josh Emmett,10,0,0,0,Featherweight,KO/TKO,1,4:33
win,Santiago Ponzinibbio,78,3,0,2,Welterweight,U-DEC,3,5:00
win,Glover Teixeira,13,1,1,2,Light Heavyweight,KO/TKO,1,2:45
win,Jan Blachowicz,50,4,0,2,Light Heavyweight,U-DEC,3,5:00
win,Julian Marquez,32,0,3,1,Middleweight,SUB,2,2:42
win,Chad Laprise,20,1,0,2,Welterweight,KO/TKO,1,4:10
win,Nordine Taleb,5,0,0,0,Welterweight,KO/TKO,1,0:59
win,John Makdessi,47,0,0,0,Lightweight,U-DEC,3,5:00
win,Alessio Di Chirico,6,1,0,0,Middleweight,KO/TKO,2,2:14
win,Jordan Mein,51,3,1,4,Welterweight,U-DEC,3,5:00
win,Brian Ortega,24,0,2,0,Featherweight,SUB,2,3:22
win,Gabriel Benitez,85,0,0,1,Featherweight,U-DEC,3,5:00
win,Marlon Moraes,7,0,0,0,Bantamweight,KO/TKO,1,1:07
win,Scott Holtzman,49,7,0,5,Lightweight,U-DEC,3,5:00
win,Eryk Anders,79,2,0,3,Middleweight,U-DEC,3,5:00
win,Benito Lopez,78,0,1,1,Bantamweight,U-DEC,3,5:00
win,Alexis Davis,23,1,2,2,Women's Flyweight,S-DEC,3,5:00
win,Andre Soukhamthath,20,0,0,0,Bantamweight,KO/TKO,2,1:06
win,Alex Perez,24,2,3,1,Bantamweight,SUB,2,1:54
win,Frankie Saenz,58,0,0,0,Bantamweight,S-DEC,3,5:00
win,Alejandro Perez,35,0,0,0,Bantamweight,U-DEC,3,5:00
win,Davi Ramos,55,5,1,5,Lightweight,SUB,3,0:50
win,Trevin Giles,70,0,0,0,Middleweight,KO/TKO,3,2:27
win,Max Holloway,174,0,0,1,Featherweight,KO/TKO,3,4:51
win,Francis Ngannou,6,0,0,0,Heavyweight,KO/TKO,1,1:42
win,Henry Cejudo,36,3,0,3,Flyweight,U-DEC,3,5:00
win,Eddie Alvarez,155,1,0,0,Lightweight,KO/TKO,3,3:59
win,Tecia Torres,95,1,0,1,Women's Strawweight,U-DEC,3,5:00
win,Paul Felder,31,0,0,2,Lightweight,KO/TKO,2,4:06
win,Yancy Medeiros,75,1,0,2,Welterweight,KO/TKO,3,2:02
win,David Teymur,52,1,0,0,Lightweight,U-DEC,3,5:00
win,Felice Herrig,76,1,0,1,Women's Strawweight,S-DEC,3,5:00
win,Amanda Cooper,40,1,1,9,Women's Strawweight,KO/TKO,2,4:34
win,Abdul Razak Alhassan,27,1,0,0,Welterweight,KO/TKO,1,4:21
win,Dominick Reyes,16,1,1,2,Light Heavyweight,SUB,1,3:39
win,Justin Willis,22,0,0,0,Heavyweight,KO/TKO,1,2:33
win,Nicco Montano,186,3,1,5,Women's Flyweight,U-DEC,5,5:00
win,Sean O'Malley,141,3,0,0,Bantamweight,U-DEC,3,5:00
win,Lauren Murphy,59,2,0,1,Women's Flyweight,S-DEC,3,5:00
win,Gerald Meerschaert,36,0,0,0,Middleweight,KO/TKO,2,2:18
draw,DeAnna Bennett,47,0,1,0,Women's Flyweight,M-DEC,3,5:00
win,Brett Johns,1,0,1,0,Bantamweight,SUB,1,0:30
win,Montana De La Rosa,6,0,1,0,Women's Flyweight,SUB,1,2:00
win,Ryan Janes,159,0,0,0,Middleweight,KO/TKO,3,0:58
win,Rachael Ostovich,3,1,1,1,Women's Flyweight,SUB,1,1:40
win,Shana Dobson,34,0,0,0,Women's Flyweight,KO/TKO,2,2:53
win,Gillian Robertson,2,1,1,2,Women's Flyweight,SUB,1,2:12
win,Kelvin Gastelum,14,0,0,0,Middleweight,KO/TKO,1,2:30
win,Jingliang Li,26,0,0,0,Welterweight,KO/TKO,1,2:57
win,Wang Guan,71,0,0,1,Featherweight,S-DEC,3,5:00
win,Alex Garcia,6,3,1,3,Welterweight,SUB,2,3:22
win,Zabit Magomedsharipov,34,11,1,10,Featherweight,SUB,3,4:30
win,Kenan Song,14,0,0,0,Welterweight,KO/TKO,1,0:15
win,Yan Xiaonan,96,0,0,0,Women's Strawweight,U-DEC,3,5:00
win,Song Yadong,8,0,1,0,Featherweight,SUB,1,4:16
win,Shamil Abdurakhimov,6,0,0,0,Heavyweight,KO/TKO,1,1:24
win,Gina Mazany,38,5,0,1,Women's Bantamweight,U-DEC,3,5:00
win,Rolando Dy,26,0,0,1,Featherweight,U-DEC,3,5:00
win,Cyril Asker,20,4,1,3,Heavyweight,SUB,2,2:33
win,Fabricio Werdum,155,1,0,2,Heavyweight,U-DEC,5,5:00
win,Jessica-Rose Clark,101,2,1,3,Women's Flyweight,S-DEC,3,5:00
win,Belal Muhammad,88,1,0,1,Welterweight,S-DEC,3,5:00
win,Jake Matthews,20,4,0,4,Welterweight,S-DEC,3,5:00
win,Elias Theodorou,118,0,0,0,Middleweight,U-DEC,3,5:00
win,Alexander Volkanovski,68,5,0,9,Catch Weight,U-DEC,3,5:00
win,Ryan Benoit,45,0,0,0,Flyweight,KO/TKO,3,2:38
win,Nik Lentz,34,0,1,1,Lightweight,SUB,2,2:05
win,Tai Tuivasa,22,0,0,0,Heavyweight,KO/TKO,1,4:35
win,Frank Camacho,154,1,0,1,Lightweight,S-DEC,3,5:00
win,Nadia Kassem,52,0,6,1,Women's Strawweight,U-DEC,3,5:00
win,Eric Shelton,86,5,0,4,Flyweight,U-DEC,3,5:00
win,Adam Wieczorek,42,0,0,1,Heavyweight,U-DEC,3,5:00
win,Dustin Poirier,53,5,0,3,Lightweight,KO/TKO,3,2:08
win,Matt Brown,18,0,0,0,Welterweight,KO/TKO,1,3:44
win,Andrei Arlovski,92,0,0,0,Heavyweight,U-DEC,3,5:00
win,Cezar Ferreira,47,2,0,1,Middleweight,S-DEC,3,5:00
win,Raphael Assuncao,46,0,0,0,Bantamweight,KO/TKO,3,1:50
win,Clay Guida,24,0,0,0,Lightweight,KO/TKO,1,1:07
win,Marlon Moraes,45,1,1,0,Bantamweight,S-DEC,3,5:00
win,Tatiana Suarez,71,4,0,13,Women's Strawweight,U-DEC,3,5:00
win,Sage Northcutt,79,3,0,1,Lightweight,U-DEC,3,5:00
win,Nina Ansaroff,143,0,0,0,Women's Strawweight,U-DEC,3,5:00
win,Sean Strickland,78,3,1,3,Welterweight,U-DEC,3,5:00
win,Jake Collier,94,0,0,0,Light Heavyweight,U-DEC,3,5:00
win,Karl Roberson,17,1,2,1,Middleweight,SUB,1,3:41
win,Georges St-Pierre,59,3,1,2,Middleweight,SUB,3,4:23
win,TJ Dillashaw,20,0,0,0,Bantamweight,KO/TKO,2,2:41
win,Rose Namajunas,15,0,0,0,Women's Strawweight,KO/TKO,1,3:03
win,Stephen Thompson,70,0,0,0,Welterweight,U-DEC,3,5:00
win,Paulo Costa,49,0,0,0,Middleweight,KO/TKO,2,1:23
win,James Vick,42,0,0,0,Lightweight,KO/TKO,2,4:59
win,Mark Godbeer,3,0,0,0,Heavyweight,DQ,1,4:29
win,Ovince Saint Preux,23,0,0,0,Light Heavyweight,KO/TKO,3,1:25
win,Randy Brown,41,1,0,2,Welterweight,U-DEC,3,5:00
win,Curtis Blaydes,39,4,0,1,Heavyweight,KO/TKO,2,1:39
win,Ricardo Ramos,42,3,0,1,Bantamweight,KO/TKO,3,1:58
win,Derek Brunson,10,0,0,0,Middleweight,KO/TKO,1,2:30
win,Colby Covington,88,0,0,0,Welterweight,U-DEC,3,5:00
win,Pedro Munhoz,20,0,1,1,Bantamweight,SUB,1,4:03
win,Francisco Trinaldo,63,1,0,2,Lightweight,U-DEC,3,5:00
win,Thiago Santos,28,0,0,0,Middleweight,KO/TKO,1,4:59
win,John Lineker,77,0,0,0,Bantamweight,U-DEC,3,5:00
win,Vicente Luque,61,0,1,0,Welterweight,SUB,2,4:08
win,Antonio Carlos Junior,11,1,1,3,Middleweight,SUB,1,4:30
win,Jared Gordon,101,2,0,4,Lightweight,U-DEC,3,5:00
win,Elizeu Zaleski dos Santos,84,0,0,1,Welterweight,U-DEC,3,5:00
win,Deiveson Figueiredo,19,1,5,0,Flyweight,S-DEC,3,5:00
win,Marcelo Golm,35,1,1,2,Heavyweight,SUB,1,2:08
win,Darren Till,24,0,0,0,Welterweight,KO/TKO,1,4:20
win,Karolina Kowalkiewicz,127,1,0,1,Women's Strawweight,U-DEC,3,5:00
win,Jan Blachowicz,33,1,1,1,Light Heavyweight,SUB,2,3:02
win,Oskar Piechota,56,1,3,3,Middleweight,U-DEC,3,5:00
win,Marcin Held,19,3,1,3,Lightweight,U-DEC,3,5:00
win,Brian Kelleher,79,1,1,3,Bantamweight,KO/TKO,3,3:39
win,Ramazan Emeev,38,1,0,0,Middleweight,U-DEC,3,5:00
win,Andre Fili,55,5,0,3,Featherweight,U-DEC,3,5:00
win,Warlley Alves,38,2,0,0,Welterweight,U-DEC,3,5:00
win,Aspen Ladd,26,1,0,2,Women's Bantamweight,KO/TKO,2,2:33
win,Josh Emmett,67,1,0,1,Featherweight,U-DEC,3,5:00
win,Tony Ferguson,54,0,2,0,Lightweight,SUB,3,4:02
win,Demetrious Johnson,64,8,2,19,Flyweight,SUB,5,3:15
win,Fabricio Werdum,0,1,1,2,Heavyweight,SUB,1,1:05
win,Mara Romero Borella,3,1,1,3,Women's Flyweight,SUB,1,2:54
draw,Beneil Dariush,81,0,0,2,Lightweight,M-DEC,3,5:00
win,Cody Stamann,66,4,0,2,Bantamweight,S-DEC,3,5:00
draw,Lando Vannata,104,4,1,1,Lightweight,S-DEC,3,5:00
win,Poliana Botelho,67,1,0,0,Women's Strawweight,U-DEC,3,5:00
win,Matt Schnell,38,0,1,0,Flyweight,U-DEC,3,5:00
win,John Moraga,8,0,0,0,Flyweight,KO/TKO,1,1:38
win,Brad Tavares,70,0,0,0,Middleweight,U-DEC,3,5:00
win,Ovince Saint Preux,0,0,1,3,Light Heavyweight,SUB,1,1:50
win,Jessica Andrade,141,4,0,5,Women's Strawweight,U-DEC,3,5:00
win,Dong Hyun Ma,13,0,0,0,Lightweight,KO/TKO,1,1:30
win,Gokhan Saki,40,0,0,0,Light Heavyweight,KO/TKO,1,4:45
win,Teruto Ishihara,50,2,0,2,Featherweight,U-DEC,3,5:00
win,Jussier Formiga,9,1,2,4,Flyweight,SUB,1,4:30
win,Keita Nakamura,27,2,0,2,Welterweight,S-DEC,3,5:00
win,Syuri Kondo,135,0,0,0,Women's Strawweight,S-DEC,3,5:00
win,Shinsho Anzai,51,1,0,1,Welterweight,U-DEC,3,5:00
win,Daichi Abe,63,1,0,1,Welterweight,U-DEC,3,5:00
win,Luke Rockhold,58,2,0,2,Middleweight,KO/TKO,2,4:05
win,Mike Perry,11,0,0,0,Welterweight,KO/TKO,1,1:19
win,Anthony Smith,35,0,0,0,Middleweight,KO/TKO,3,2:33
win,Gregor Gillespie,20,4,1,6,Lightweight,SUB,2,2:11
win,Kamaru Usman,16,0,0,0,Welterweight,KO/TKO,1,2:48
win,Justin Ledet,36,0,0,0,Heavyweight,S-DEC,3,5:00
win,Olivier Aubin-Mercier,20,4,0,6,Lightweight,S-DEC,3,5:00
win,Daniel Spitz,5,1,0,0,Heavyweight,KO/TKO,1,0:24
win,Uriah Hall,26,0,0,0,Middleweight,KO/TKO,2,2:25
win,Gilbert Burns,42,2,0,0,Lightweight,KO/TKO,2,4:55
win,Amanda Nunes,86,2,0,2,Women's Bantamweight,S-DEC,5,5:00
win,Rafael Dos Anjos,13,0,1,3,Welterweight,SUB,1,3:43
win,Henry Cejudo,34,2,0,0,Flyweight,KO/TKO,2,0:25
win,Ilir Latifi,44,4,0,4,Light Heavyweight,U-DEC,3,5:00
win,Jeremy Stephens,96,0,0,1,Featherweight,U-DEC,3,5:00
win,Ketlen Vieira,17,1,2,1,Women's Bantamweight,SUB,2,4:16
win,Sarah Moras,3,0,1,0,Women's Bantamweight,SUB,1,2:51
win,Rick Glenn,142,4,1,1,Featherweight,U-DEC,3,5:00
win,Alex White,57,0,0,0,Lightweight,KO/TKO,2,4:36
win,Arjan Bhullar,24,1,0,1,Heavyweight,U-DEC,3,5:00
win,Kajan Johnson,26,0,0,0,Lightweight,KO/TKO,3,0:49
win,Alexander Volkov,135,2,0,1,Heavyweight,KO/TKO,3,3:30
win,Siyar Bahadurzada,43,0,1,0,Middleweight,KO/TKO,2,3:10
win,Marion Reneau,57,0,5,2,Women's Bantamweight,KO/TKO,3,4:54
win,Leon Edwards,23,3,3,5,Welterweight,U-DEC,3,5:00
win,Darren Till,49,1,0,0,Welterweight,U-DEC,3,5:00
win,Mairbek Taisumov,2,0,0,0,Lightweight,KO/TKO,1,1:24
win,Michel Prazeres,26,4,1,15,Lightweight,SUB,3,1:26
win,Rustam Khabilov,34,3,0,0,Lightweight,U-DEC,3,5:00
win,Aleksandar Rakic,46,0,0,0,Light Heavyweight,U-DEC,3,5:00
win,Zabit Magomedsharipov,45,1,2,2,Featherweight,SUB,2,4:22
win,Abdul-Kerim Edilov,77,2,1,0,Light Heavyweight,KO/TKO,2,2:32
win,Thibault Gouti,41,0,0,0,Lightweight,KO/TKO,1,4:28
win,Sergio Pettis,76,0,0,0,Flyweight,U-DEC,5,5:00
win,Alexa Grasso,64,0,0,1,Women's Strawweight,S-DEC,3,5:00
win,Niko Price,10,0,0,1,Welterweight,KO/TKO,1,1:44
win,Humberto Bandenay,5,0,0,0,Featherweight,KO/TKO,1,0:26
win,Sam Alvey,40,0,0,0,Middleweight,S-DEC,3,5:00
win,Alejandro Perez,44,1,0,1,Bantamweight,S-DEC,3,5:00
win,Jack Hermansson,38,1,0,2,Middleweight,KO/TKO,1,3:50
win,Dustin Ortiz,8,0,0,0,Flyweight,KO/TKO,1,0:15
win,Rani Yahya,3,1,2,2,Bantamweight,SUB,1,2:01
win,Jose Quinonez,59,1,0,2,Bantamweight,U-DEC,3,5:00
win,Joseph Morales,12,0,1,1,Flyweight,SUB,1,3:56
win,Jordan Rinaldi,6,0,1,1,Lightweight,SUB,1,2:01
nc,Daniel Cormier,58,0,0,0,Light Heavyweight,Overturned,3,3:01
win,Tyron Woodley,57,0,0,0,Welterweight,U-DEC,5,5:00
win,Cris Cyborg,74,0,0,0,Women's Featherweight,KO/TKO,3,1:56
win,Robbie Lawler,77,0,0,0,Welterweight,U-DEC,3,5:00
win,Volkan Oezdemir,12,0,0,0,Light Heavyweight,KO/TKO,1,0:42
win,Ricardo Lamas,42,1,0,2,Featherweight,KO/TKO,1,4:34
win,Aljamain Sterling,71,1,0,1,Catch Weight,U-DEC,3,5:00
win,Brian Ortega,65,0,1,0,Featherweight,SUB,3,2:59
win,Calvin Kattar,75,2,0,0,Featherweight,U-DEC,3,5:00
win,Alexandra Albu,82,5,0,2,Women's Strawweight,U-DEC,3,5:00
win,Jarred Brooks,27,5,1,1,Flyweight,S-DEC,3,5:00
win,Drew Dober,15,0,0,0,Lightweight,KO/TKO,1,3:04
win,Chris Weidman,36,7,2,5,Middleweight,SUB,3,3:45
win,Darren Elkins,70,3,2,2,Featherweight,S-DEC,3,5:00
win,Patrick Cummins,86,1,0,0,Light Heavyweight,S-DEC,3,5:00
win,Jimmie Rivera,70,2,0,0,Bantamweight,U-DEC,3,5:00
win,Elizeu Zaleski dos Santos,83,1,0,0,Welterweight,S-DEC,3,5:00
win,Eryk Anders,23,1,0,2,Middleweight,KO/TKO,1,2:54
win,Alex Oliveira,8,0,1,0,Welterweight,KO/TKO,2,1:50
win,Chase Sherman,111,0,0,0,Heavyweight,U-DEC,3,5:00
win,Jeremy Kennedy,41,8,0,4,Featherweight,U-DEC,3,5:00
win,Marlon Vera,5,0,2,0,Bantamweight,SUB,1,2:18
win,Junior Albini,21,0,0,0,Heavyweight,KO/TKO,1,2:51
win,Shane Burgos,102,1,0,0,Featherweight,U-DEC,3,5:00
win,Chris Wade,23,3,2,7,Lightweight,U-DEC,3,5:00
win,Santiago Ponzinibbio,7,0,0,0,Welterweight,KO/TKO,1,1:22
win,Cynthia Calvillo,54,2,2,2,Women's Strawweight,U-DEC,3,5:00
win,Paul Felder,23,0,0,1,Lightweight,KO/TKO,1,3:57
win,Jack Marshman,75,0,0,0,Middleweight,U-DEC,3,5:00
win,Khalil Rountree Jr.,15,0,0,0,Light Heavyweight,KO/TKO,1,4:56
win,Justin Willis,52,3,0,2,Heavyweight,U-DEC,3,5:00
win,Danny Roberts,24,0,0,0,Welterweight,KO/TKO,2,3:59
win,Alexandre Pantoja,119,1,1,2,Flyweight,SUB,3,2:31
win,Galore Bofando,10,1,0,0,Welterweight,KO/TKO,1,2:10
win,Danny Henry,93,1,2,8,Lightweight,U-DEC,3,5:00
win,Brett Johns,56,3,1,2,Bantamweight,U-DEC,3,5:00
win,Leslie Smith,101,0,0,0,Women's Bantamweight,KO/TKO,2,2:53
win,Robert Whittaker,74,0,0,1,Middleweight,U-DEC,5,5:00
win,Alistair Overeem,21,0,0,0,Heavyweight,M-DEC,3,5:00
win,Curtis Blaydes,72,0,0,0,Heavyweight,U-DEC,3,5:00
win,Anthony Pettis,80,1,0,5,Lightweight,U-DEC,3,5:00
win,Rob Font,70,2,3,2,Bantamweight,SUB,2,4:36
win,Aleksei Oleinik,53,3,2,3,Heavyweight,SUB,2,3:44
win,Chad Laprise,76,1,0,0,Welterweight,KO/TKO,3,1:27
win,Thiago Santos,60,0,0,2,Middleweight,KO/TKO,2,2:04
win,Belal Muhammad,45,4,0,3,Welterweight,U-DEC,3,5:00
win,Cody Stamann,94,8,0,6,Featherweight,U-DEC,3,5:00
win,Trevin Giles,41,5,0,6,Light Heavyweight,KO/TKO,2,2:54
win,Justin Gaethje,104,0,0,0,Lightweight,KO/TKO,2,4:48
win,Jesse Taylor,21,2,2,5,Welterweight,SUB,2,0:43
win,Drakkar Klose,39,3,0,1,Lightweight,S-DEC,3,5:00
win,Jared Cannonier,84,1,0,1,Light Heavyweight,KO/TKO,3,2:08
win,Brad Tavares,31,1,0,2,Middleweight,U-DEC,3,5:00
win,Jordan Johnson,42,2,0,0,Light Heavyweight,U-DEC,3,5:00
win,Angela Hill,47,1,0,0,Women's Strawweight,U-DEC,3,5:00
win,James Krause,106,0,0,0,Welterweight,U-DEC,3,5:00
win,CB Dollaway,54,6,1,5,Light Heavyweight,U-DEC,3,5:00
win,Tecia Torres,15,0,1,1,Women's Strawweight,SUB,2,0:53
win,Gray Maynard,16,11,2,6,Featherweight,U-DEC,3,5:00
win,Kevin Lee,22,1,1,1,Lightweight,SUB,1,4:37
win,Tim Boetsch,41,0,0,0,Middleweight,KO/TKO,2,0:46
win,Felice Herrig,47,2,1,15,Women's Strawweight,U-DEC,3,5:00
win,Dominick Reyes,13,0,0,0,Light Heavyweight,KO/TKO,1,0:29
win,Tim Means,64,0,0,0,Welterweight,U-DEC,3,5:00
win,Dennis Siver,103,0,0,0,Featherweight,M-DEC,3,5:00
win,Clay Guida,38,2,0,4,Lightweight,U-DEC,3,5:00
win,Marvin Vettori,69,3,0,3,Middleweight,U-DEC,3,5:00
win,Carla Esparza,40,6,0,0,Women's Strawweight,U-DEC,3,5:00
win,Darrell Horcher,37,0,2,3,Lightweight,S-DEC,3,5:00
win,Jared Gordon,67,4,0,5,Featherweight,KO/TKO,2,4:24
win,Anthony Rocco Martin,82,1,1,0,Lightweight,U-DEC,3,5:00
win,Jeremy Kimball,17,0,0,0,Light Heavyweight,KO/TKO,1,1:21
win,Holly Holm,25,0,0,0,Women's Bantamweight,KO/TKO,3,1:09
win,Marcin Tybura,51,2,0,6,Heavyweight,U-DEC,3,5:00
win,Colby Covington,47,8,0,1,Welterweight,U-DEC,3,5:00
win,Rafael Dos Anjos,81,1,1,0,Welterweight,U-DEC,3,5:00
win,Jon Tuck,7,0,1,1,Lightweight,SUB,1,1:12
win,Walt Harris,21,0,0,0,Heavyweight,KO/TKO,1,1:44
win,Alex Caceres,51,0,1,1,Featherweight,KO/TKO,2,5:00
win,Ulka Sasaki,21,2,1,2,Flyweight,SUB,2,3:19
win,Jingliang Li,94,2,0,0,Welterweight,U-DEC,3,5:00
win,Russell Doane,17,0,0,0,Bantamweight,KO/TKO,1,4:09
win,Naoki Inoue,62,0,5,5,Flyweight,U-DEC,3,5:00
win,Lucie Pudilova,53,0,2,1,Women's Bantamweight,U-DEC,3,5:00
win,Mark Hunt,59,0,0,0,Heavyweight,KO/TKO,4,3:51
win,Derek Brunson,8,0,0,0,Middleweight,KO/TKO,1,1:16
win,Dan Hooker,69,0,0,0,Lightweight,KO/TKO,2,3:02
win,Ion Cutelaba,15,0,0,0,Light Heavyweight,KO/TKO,1,0:22
win,Ben Nguyen,3,1,1,1,Flyweight,SUB,1,0:49
win,Alexander Volkanovski,87,4,0,1,Featherweight,U-DEC,3,5:00
win,Vinc Pichel,19,0,0,0,Lightweight,KO/TKO,1,3:37
win,Luke Jumeau,40,0,0,0,Welterweight,U-DEC,3,5:00
win,John Moraga,56,2,4,10,Flyweight,U-DEC,3,5:00
win,Zak Ottow,37,2,0,1,Welterweight,S-DEC,3,5:00
win,JJ Aldrich,98,0,0,0,Women's Strawweight,U-DEC,3,5:00
win,Max Holloway,104,0,0,3,Featherweight,KO/TKO,3,4:13
win,Claudia Gadelha,8,1,1,2,Women's Strawweight,SUB,1,3:03
win,Vitor Belfort,37,0,0,0,Middleweight,U-DEC,3,5:00
win,Paulo Costa,43,0,0,0,Middleweight,KO/TKO,2,1:06
win,Yancy Medeiros,33,0,0,0,Welterweight,KO/TKO,2,2:01
win,Raphael Assuncao,43,0,0,0,Bantamweight,S-DEC,3,5:00
win,Antonio Carlos Junior,12,1,2,5,Middleweight,SUB,2,3:49
win,Matthew Lopez,43,1,0,0,Bantamweight,KO/TKO,1,2:57
win,Brian Kelleher,4,0,1,0,Bantamweight,SUB,1,1:48
win,Viviane Pereira,80,0,0,0,Women's Strawweight,U-DEC,3,5:00
win,Luan Chagas,95,0,1,1,Welterweight,SUB,2,4:48
win,Deiveson Figueiredo,17,2,4,4,Flyweight,KO/TKO,2,5:00
win,Alexander Gustafsson,97,1,0,2,Light Heavyweight,KO/TKO,5,1:07
win,Volkan Oezdemir,5,0,0,0,Light Heavyweight,KO/TKO,1,0:28
win,Peter Sobotta,46,0,0,0,Welterweight,KO/TKO,2,2:29
win,Omari Akhmedov,52,6,0,3,Welterweight,S-DEC,3,5:00
win,Nordine Taleb,57,2,0,3,Welterweight,U-DEC,3,5:00
win,Jack Hermansson,23,1,0,2,Middleweight,KO/TKO,1,2:00
win,Pedro Munhoz,65,3,1,1,Bantamweight,U-DEC,3,5:00
win,Trevor Smith,39,4,0,5,Middleweight,U-DEC,3,5:00
win,Joaquim Silva,40,0,1,3,Lightweight,S-DEC,3,5:00
win,Bojan Velickovic,53,1,0,0,Welterweight,KO/TKO,3,4:37
win,Darren Till,31,2,0,0,Welterweight,U-DEC,3,5:00
win,Damir Hadzovic,14,0,0,0,Lightweight,KO/TKO,3,0:07
win,Stipe Miocic,26,0,0,0,Heavyweight,KO/TKO,1,2:22
win,Joanna Jedrzejczyk,225,0,0,0,Women's Strawweight,U-DEC,5,5:00
win,Demian Maia,23,4,0,3,Welterweight,S-DEC,3,5:00
win,Frankie Edgar,72,1,0,1,Featherweight,KO/TKO,2,5:00
win,David Branch,39,2,0,0,Middleweight,S-DEC,3,5:00
nc,Eddie Alvarez,44,1,0,0,Lightweight,CNC,2,4:02
win,Jason Knight,59,2,3,1,Featherweight,KO/TKO,3,0:39
win,Chase Sherman,103,0,0,1,Heavyweight,KO/TKO,2,3:36
win,James Vick,20,0,0,0,Lightweight,KO/TKO,1,2:39
win,Cortney Casey,103,0,0,0,Women's Strawweight,U-DEC,3,5:00
win,Enrique Barzola,46,9,1,3,Featherweight,U-DEC,3,5:00
win,Gadzhimurad Antigulov,2,1,1,1,Light Heavyweight,SUB,1,2:21
win,Cub Swanson,209,2,0,4,Featherweight,U-DEC,5,5:00
win,Al Iaquinta,12,0,0,0,Lightweight,KO/TKO,1,1:38
win,Ovince Saint Preux,21,1,1,1,Light Heavyweight,SUB,2,2:11
win,John Dodson,48,0,0,0,Bantamweight,U-DEC,3,5:00
win,Stevie Ray,109,0,1,0,Lightweight,M-DEC,3,5:00
win,Mike Perry,26,0,0,0,Welterweight,KO/TKO,2,1:05
win,Thales Leites,38,1,0,0,Middleweight,U-DEC,3,5:00
win,Brandon Moreno,24,0,2,2,Flyweight,SUB,2,4:06
win,Scott Holtzman,104,2,0,1,Lightweight,U-DEC,3,5:00
win,Danielle Taylor,72,0,0,0,Women's Strawweight,U-DEC,3,5:00
win,Alexis Davis,51,0,2,2,Women's Bantamweight,U-DEC,3,5:00
win,Bryan Barberena,28,0,0,0,Welterweight,KO/TKO,1,3:30
win,Hector Sandoval,32,3,0,0,Flyweight,KO/TKO,1,4:24
win,Demetrious Johnson,108,1,1,3,Flyweight,SUB,3,4:49
win,Rose Namajunas,47,1,1,3,Women's Strawweight,SUB,2,2:47
win,Robert Whittaker,55,0,0,0,Middleweight,KO/TKO,2,3:28
win,Renato Moicano,70,2,0,1,Featherweight,S-DEC,3,5:00
win,Alexander Volkov,122,0,0,0,Heavyweight,U-DEC,3,5:00
win,Tom Duquesnoy,36,0,0,0,Bantamweight,KO/TKO,2,0:28
win,Rashid Magomedov,75,0,0,0,Lightweight,S-DEC,3,5:00
win,Tim Elliott,57,12,1,14,Flyweight,U-DEC,3,5:00
win,Aljamain Sterling,83,2,0,0,Bantamweight,U-DEC,3,5:00
win,Devin Clark,68,4,0,6,Light Heavyweight,U-DEC,3,5:00
win,Anthony Smith,49,0,0,1,Middleweight,KO/TKO,3,3:52
win,Zak Cummings,25,0,2,0,Welterweight,SUB,1,4:21
win,Ketlen Vieira,71,1,0,1,Women's Bantamweight,U-DEC,3,5:00
win,Daniel Cormier,36,1,1,1,Light Heavyweight,SUB,2,3:37
win,Gegard Mousasi,49,0,0,0,Middleweight,KO/TKO,2,3:13
win,Cynthia Calvillo,50,1,3,4,Women's Strawweight,SUB,3,3:45
win,Thiago Alves,79,1,0,3,Welterweight,U-DEC,3,5:00
win,Charles Oliveira,3,2,1,1,Lightweight,SUB,1,2:30
win,Myles Jury,36,1,0,2,Featherweight,KO/TKO,1,3:30
win,Kamaru Usman,90,2,0,2,Welterweight,U-DEC,3,5:00
win,Shane Burgos,77,0,0,0,Featherweight,KO/TKO,3,1:59
win,Patrick Cummins,73,3,0,1,Light Heavyweight,U-DEC,3,5:00
win,Gregor Gillespie,8,0,0,1,Lightweight,KO/TKO,1,0:21
win,Desmond Green,57,1,0,0,Lightweight,S-DEC,3,5:00
win,Katlyn Chookagian,105,0,0,0,Women's Bantamweight,S-DEC,3,5:00
win,Magomed Bibulatov,51,2,0,9,Flyweight,U-DEC,3,5:00
win,Jimi Manuwa,6,0,0,0,Light Heavyweight,KO/TKO,1,3:05
win,Gunnar Nelson,8,1,1,5,Welterweight,SUB,2,0:46
win,Marlon Vera,67,0,0,0,Catch Weight,KO/TKO,3,3:50
win,Arnold Allen,32,3,1,6,Featherweight,S-DEC,3,5:00
win,Joe Duffy,51,0,0,2,Lightweight,U-DEC,3,5:00
win,Francimar Barroso,28,7,0,0,Light Heavyweight,U-DEC,3,5:00
win,Tim Johnson,52,1,0,1,Heavyweight,S-DEC,3,5:00
win,Leon Edwards,53,3,0,1,Welterweight,U-DEC,3,5:00
win,Marc Diakiese,6,0,0,0,Lightweight,KO/TKO,1,0:30
win,Bradley Scott,72,0,0,0,Middleweight,S-DEC,3,5:00
win,Lina Lansberg,80,1,0,0,Women's Bantamweight,U-DEC,3,5:00
nc,Vitor Belfort,10,0,0,0,Middleweight,Overturned,1,3:52
win,Mauricio Rua,94,2,0,0,Light Heavyweight,KO/TKO,3,0:59
win,Edson Barboza,30,0,0,0,Lightweight,KO/TKO,2,3:35
win,Ray Borg,36,0,0,1,Flyweight,U-DEC,3,5:00
draw,Bethe Correia,43,2,0,1,Women's Bantamweight,M-DEC,3,5:00
win,Alex Oliveira,12,6,1,1,Welterweight,SUB,2,2:38
win,Kevin Lee,15,1,1,3,Lightweight,SUB,2,3:12
win,Sergio Moraes,39,0,0,0,Welterweight,U-DEC,3,5:00
win,Joe Soto,54,1,2,6,Bantamweight,U-DEC,3,5:00
win,Michel Prazeres,24,2,1,2,Lightweight,SUB,1,1:42
win,Jeremy Kennedy,46,8,0,1,Featherweight,U-DEC,3,5:00
win,Paulo Costa,22,0,0,0,Middleweight,KO/TKO,1,1:17
win,Tyron Woodley,54,1,0,1,Welterweight,M-DEC,5,5:00
win,David Teymur,90,2,0,0,Lightweight,U-DEC,3,5:00
win,Daniel Kelly,74,0,0,0,Middleweight,S-DEC,3,5:00
win,Cynthia Calvillo,13,1,3,2,Women's Strawweight,SUB,1,3:19
win,Alistair Overeem,55,0,0,0,Heavyweight,KO/TKO,3,1:44
win,Marcin Tybura,50,1,0,3,Heavyweight,KO/TKO,3,3:46
win,Darren Elkins,28,0,1,0,Featherweight,KO/TKO,3,3:19
win,Iuri Alcantara,23,1,1,0,Bantamweight,SUB,2,3:13
win,Mark Godbeer,92,0,0,0,Heavyweight,U-DEC,3,5:00
win,Tyson Pedro,23,0,0,1,Light Heavyweight,KO/TKO,1,4:10
win,Albert Morales,56,1,0,1,Bantamweight,S-DEC,3,5:00
win,Derrick Lewis,39,0,0,1,Heavyweight,KO/TKO,2,3:12
win,Johny Hendricks,51,0,0,0,Middleweight,U-DEC,3,5:00
win,Gavin Tucker,55,1,0,0,Featherweight,U-DEC,3,5:00
win,Elias Theodorou,38,1,0,0,Middleweight,U-DEC,3,5:00
win,Sara McMann,7,2,1,2,Women's Bantamweight,SUB,1,1:14
win,Paul Felder,23,0,0,0,Lightweight,KO/TKO,1,4:44
win,Santiago Ponzinibbio,53,0,0,2,Welterweight,U-DEC,3,5:00
win,Randa Markos,48,0,0,0,Women's Strawweight,S-DEC,3,5:00
win,Aiemann Zahabi,44,0,0,1,Bantamweight,U-DEC,3,5:00
win,Thiago Santos,27,1,0,0,Middleweight,KO/TKO,2,2:21
win,Gerald Meerschaert,3,0,1,0,Middleweight,SUB,1,1:34
win,Germaine de Randamie,80,0,0,0,Women's Featherweight,U-DEC,5,5:00
win,Anderson Silva,43,0,0,0,Middleweight,U-DEC,3,5:00
win,Jacare Souza,7,1,1,2,Middleweight,SUB,1,3:41
win,Glover Teixeira,24,3,1,11,Light Heavyweight,U-DEC,3,5:00
win,Dustin Poirier,97,3,0,1,Lightweight,M-DEC,3,5:00
win,Belal Muhammad,71,2,0,2,Welterweight,U-DEC,3,5:00
win,Wilson Reis,34,6,2,6,Flyweight,U-DEC,3,5:00
win,Islam Makhachev,43,5,0,12,Lightweight,U-DEC,3,5:00
win,Rick Glenn,52,0,0,0,Featherweight,S-DEC,3,5:00
win,Ryan LaFlare,29,1,0,2,Welterweight,U-DEC,3,5:00
win,Chan Sung Jung,17,0,0,0,Featherweight,KO/TKO,1,2:29
win,Felice Herrig,60,2,0,2,Women's Strawweight,U-DEC,3,5:00
win,James Vick,25,1,3,2,Lightweight,SUB,3,0:49
win,Volkan Oezdemir,82,0,0,0,Light Heavyweight,S-DEC,3,5:00
win,Marcel Fortuna,15,0,0,0,Heavyweight,KO/TKO,1,3:10
win,Jessica Andrade,131,2,0,0,Women's Strawweight,U-DEC,3,5:00
nc,Adam Milstead,1,0,0,0,Heavyweight,Overturned,2,0:59
win,Chas Skelly,21,2,1,2,Featherweight,SUB,2,2:01
win,Ricardo Ramos,45,0,1,3,Bantamweight,U-DEC,3,5:00
win,Tecia Torres,81,1,0,2,Women's Strawweight,U-DEC,3,5:00
nc,Alex Morono,45,0,0,0,Welterweight,Overturned,2,5:00
win,Khalil Rountree Jr.,3,0,0,0,Light Heavyweight,KO/TKO,1,0:52
win,Valentina Shevchenko,13,2,1,2,Women's Bantamweight,SUB,2,4:29
win,Jorge Masvidal,58,0,0,0,Welterweight,KO/TKO,2,1:00
win,Francis Ngannou,8,0,0,0,Heavyweight,KO/TKO,1,1:32
win,Jason Knight,31,2,4,2,Featherweight,SUB,2,4:21
win,Sam Alvey,36,0,0,0,Middleweight,U-DEC,3,5:00
win,Raphael Assuncao,39,0,0,0,Bantamweight,S-DEC,3,5:00
win,Jingliang Li,37,0,0,1,Welterweight,KO/TKO,2,4:45
win,Jordan Johnson,39,4,2,5,Light Heavyweight,U-DEC,3,5:00
win,Eric Spicely,1,1,1,0,Middleweight,SUB,1,2:14
win,Marcos Rogerio de Lima,12,0,0,0,Light Heavyweight,KO/TKO,1,2:27
win,Alexandre Pantoja,37,1,2,2,Flyweight,S-DEC,3,5:00
win,Jason Gonzalez,4,0,1,0,Lightweight,SUB,1,3:54
win,Yair Rodriguez,55,0,0,0,Featherweight,KO/TKO,2,0:24
win,Joe Lauzon,20,1,1,0,Lightweight,S-DEC,3,5:00
win,Ben Saunders,49,0,0,0,Welterweight,U-DEC,3,5:00
win,Sergio Pettis,48,2,0,0,Flyweight,U-DEC,3,5:00
win,Drakkar Klose,68,2,0,0,Lightweight,U-DEC,3,5:00
win,Augusto Mendes,42,4,0,1,Bantamweight,S-DEC,3,5:00
win,Aleksei Oleinik,7,0,1,0,Heavyweight,SUB,1,2:57
win,Anthony Rocco Martin,20,2,0,4,Lightweight,U-DEC,3,5:00
win,Nina Ansaroff,48,1,2,5,Women's Strawweight,SUB,3,3:39
win,Walt Harris,32,0,0,0,Heavyweight,KO/TKO,2,2:41
win,Joachim Christensen,41,0,0,0,Light Heavyweight,KO/TKO,3,2:05
win,Cyril Asker,19,1,0,2,Heavyweight,KO/TKO,1,2:41
win,Amanda Nunes,27,0,0,0,Women's Bantamweight,KO/TKO,1,0:48
win,Cody Garbrandt,68,1,0,0,Bantamweight,U-DEC,5,5:00
win,TJ Dillashaw,71,5,1,8,Bantamweight,U-DEC,3,5:00
win,Dong Hyun Kim,36,3,0,0,Welterweight,S-DEC,3,5:00
win,Ray Borg,21,4,1,12,Flyweight,U-DEC,3,5:00
win,Neil Magny,50,1,2,0,Welterweight,U-DEC,3,5:00
win,Antonio Carlos Junior,28,4,0,1,Middleweight,U-DEC,3,5:00
win,Alex Garcia,14,1,0,2,Welterweight,KO/TKO,1,3:34
win,Niko Price,6,1,2,2,Welterweight,SUB,1,4:30
nc,Alex Oliveira,6,1,0,1,Welterweight,CNC,1,3:33
win,Michelle Waterson,12,1,2,1,Women's Strawweight,SUB,1,3:21
win,Mickey Gall,9,2,3,4,Welterweight,SUB,2,1:40
win,Urijah Faber,70,5,1,4,Bantamweight,U-DEC,3,5:00
win,Alan Jouban,69,2,0,0,Welterweight,U-DEC,3,5:00
win,Paul Craig,31,1,3,3,Light Heavyweight,SUB,2,1:59
win,Mizuto Hirota,57,6,0,6,Featherweight,U-DEC,3,5:00
win,Colby Covington,76,12,0,3,Welterweight,U-DEC,3,5:00
win,Alex Morono,111,0,0,0,Welterweight,U-DEC,3,5:00
win,Josh Emmett,87,8,1,2,Lightweight,U-DEC,3,5:00
win,Leslie Smith,169,0,0,0,Women's Bantamweight,U-DEC,3,5:00
win,Eddie Wineland,9,0,0,0,Bantamweight,KO/TKO,1,3:04
win,Hector Sandoval,33,2,2,0,Flyweight,U-DEC,3,5:00
win,Sultan Aliev,15,2,0,3,Welterweight,S-DEC,3,5:00
win,Max Holloway,94,2,0,1,Featherweight,KO/TKO,3,4:50
win,Donald Cerrone,63,0,0,0,Welterweight,KO/TKO,3,0:34
win,Cub Swanson,111,2,0,1,Featherweight,U-DEC,3,5:00
win,Kelvin Gastelum,62,0,0,0,Middleweight,KO/TKO,3,2:45
win,Emil Meek,50,1,1,3,Welterweight,U-DEC,3,5:00
win,Misha Cirkunov,8,2,1,0,Light Heavyweight,SUB,1,4:38
win,Olivier Aubin-Mercier,27,0,1,1,Lightweight,SUB,2,2:57
win,Viviane Pereira,25,1,0,1,Women's Strawweight,S-DEC,3,5:00
win,Matthew Lopez,30,5,1,4,Bantamweight,U-DEC,3,5:00
win,Lando Vannata,10,0,0,0,Lightweight,KO/TKO,1,1:40
win,Rustam Khabilov,42,4,0,0,Lightweight,U-DEC,3,5:00
win,Dustin Ortiz,34,4,0,4,Flyweight,S-DEC,3,5:00
win,Derrick Lewis,39,1,0,1,Heavyweight,KO/TKO,4,3:42
win,Francis Ngannou,1,0,1,0,Heavyweight,SUB,1,1:57
win,Corey Anderson,66,5,0,4,Light Heavyweight,KO/TKO,2,2:36
win,Gian Villante,60,0,0,0,Light Heavyweight,KO/TKO,2,2:54
win,Justine Kish,51,1,1,1,Women's Strawweight,U-DEC,3,5:00
win,Randy Brown,42,1,0,0,Welterweight,KO/TKO,2,1:25
win,Gerald Meerschaert,14,0,1,1,Middleweight,SUB,1,4:12
win,Andrew Sanchez,74,0,0,0,Middleweight,U-DEC,3,5:00
win,Shane Burgos,73,1,0,2,Featherweight,U-DEC,3,5:00
win,Marc Diakiese,9,6,0,3,Lightweight,U-DEC,3,5:00
win,Ryan Janes,82,0,0,1,Middleweight,U-DEC,3,5:00
win,Juliana Lima,56,4,0,2,Women's Strawweight,U-DEC,3,5:00
win,Demetrious Johnson,28,5,3,11,Flyweight,U-DEC,5,5:00
win,Joseph Benavidez,69,0,0,0,Flyweight,S-DEC,3,5:00
win,Jorge Masvidal,44,0,0,0,Welterweight,KO/TKO,1,4:05
win,Jared Cannonier,59,0,0,1,Light Heavyweight,U-DEC,3,5:00
win,Sara McMann,14,2,1,2,Women's Bantamweight,SUB,2,2:52
win,Brandon Moreno,54,5,0,1,Flyweight,S-DEC,3,5:00
win,Ryan Hall,46,0,0,0,Featherweight,U-DEC,3,5:00
win,Rob Font,26,1,1,1,Bantamweight,KO/TKO,1,3:47
win,Dong Hyun Ma,21,4,0,8,Lightweight,U-DEC,3,5:00
win,Jamie Moyle,73,3,0,2,Women's Strawweight,U-DEC,3,5:00
win,Anthony Smith,48,0,1,0,Middleweight,KO/TKO,2,3:27
win,Devin Clark,47,1,0,1,Light Heavyweight,U-DEC,3,5:00
win,Robert Whittaker,33,0,0,0,Middleweight,KO/TKO,1,4:07
win,Andrew Holbrook,30,2,3,1,Lightweight,S-DEC,3,5:00
win,Omari Akhmedov,23,3,0,2,Welterweight,U-DEC,3,5:00
win,Alexander Volkanovski,50,3,0,0,Lightweight,KO/TKO,2,2:06
win,Tyson Pedro,4,2,1,3,Light Heavyweight,SUB,1,4:07
win,Danielle Taylor,45,0,0,0,Women's Strawweight,S-DEC,3,5:00
win,Daniel Kelly,39,4,0,4,Middleweight,U-DEC,3,5:00
win,Damien Brown,34,0,1,0,Lightweight,S-DEC,3,5:00
win,Jonathan Meunier,74,1,0,2,Welterweight,U-DEC,3,5:00
win,Ben Nguyen,105,0,0,0,Flyweight,U-DEC,3,5:00
win,Jason Knight,59,4,4,1,Featherweight,U-DEC,3,5:00
win,Marlon Vera,36,1,2,2,Featherweight,U-DEC,3,5:00
win,Jenel Lausa,56,1,1,0,Flyweight,U-DEC,3,5:00
win,Ryan Bader,86,5,1,9,Light Heavyweight,KO/TKO,3,3:51
win,Thomas Almeida,41,0,0,0,Bantamweight,KO/TKO,2,1:37
win,Claudia Gadelha,34,6,1,2,Women's Strawweight,U-DEC,3,5:00
win,Krzysztof Jotko,42,1,0,5,Middleweight,U-DEC,3,5:00
win,Kamaru Usman,71,1,1,2,Welterweight,U-DEC,3,5:00
win,Sergio Moraes,35,1,0,1,Welterweight,S-DEC,3,5:00
win,Cezar Ferreira,10,1,1,2,Middleweight,SUB,2,2:11
win,Gadzhimurad Antigulov,0,1,1,1,Light Heavyweight,SUB,1,1:07
win,Johnny Eduardo,26,0,0,0,Bantamweight,KO/TKO,2,0:46
win,Luis Henrique,31,6,2,4,Heavyweight,SUB,3,2:12
win,Pedro Munhoz,28,0,1,0,Bantamweight,SUB,2,1:55
nc,Francimar Barroso,0,0,0,0,Light Heavyweight,Overturned,1,1:34
win,Gegard Mousasi,20,1,0,1,Middleweight,KO/TKO,1,4:37
win,Stevie Ray,49,1,0,0,Lightweight,S-DEC,3,5:00
win,Alexander Volkov,45,1,0,0,Heavyweight,S-DEC,3,5:00
win,Artem Lobov,82,1,0,2,Featherweight,U-DEC,3,5:00
win,Jack Marshman,42,0,0,0,Middleweight,KO/TKO,2,3:40
win,Kyoji Horiguchi,55,4,0,1,Flyweight,U-DEC,3,5:00
win,Kevin Lee,20,7,2,11,Lightweight,SUB,2,4:31
win,Amanda Cooper,69,2,1,5,Women's Strawweight,U-DEC,3,5:00
win,Justin Ledet,3,1,1,1,Heavyweight,SUB,1,2:16
win,Zak Cummings,24,0,1,1,Welterweight,SUB,2,4:02
win,Marion Reneau,48,1,1,1,Women's Bantamweight,KO/TKO,3,3:03
win,Brett Johns,49,11,0,3,Bantamweight,U-DEC,3,5:00
win,Abdul Razak Alhassan,12,0,0,0,Welterweight,KO/TKO,1,0:53
win,Conor McGregor,32,0,0,0,Lightweight,KO/TKO,2,3:04
draw,Tyron Woodley,61,1,2,1,Welterweight,M-DEC,5,5:00
win,Joanna Jedrzejczyk,171,1,0,0,Women's Strawweight,U-DEC,5,5:00
win,Yoel Romero,18,2,0,0,Middleweight,KO/TKO,3,0:24
win,Raquel Pennington,43,1,3,1,Women's Bantamweight,U-DEC,3,5:00
win,Frankie Edgar,40,5,2,5,Featherweight,U-DEC,3,5:00
win,Khabib Nurmagomedov,94,2,1,6,Lightweight,SUB,3,2:31
win,Tim Boetsch,14,0,0,0,Middleweight,KO/TKO,1,3:22
win,Vicente Luque,9,0,0,0,Welterweight,KO/TKO,1,1:19
win,Jim Miller,28,4,1,5,Catch Weight,U-DEC,3,5:00
win,Liz Carmouche,27,4,0,1,Women's Bantamweight,S-DEC,3,5:00
win,Tony Ferguson,199,0,0,0,Lightweight,U-DEC,5,5:00
win,Diego Sanchez,46,0,0,2,Lightweight,U-DEC,3,5:00
win,Ricardo Lamas,11,1,1,2,Featherweight,SUB,2,2:13
win,Martin Bravo,56,0,0,0,Lightweight,KO/TKO,2,1:55
win,Beneil Dariush,60,0,0,0,Lightweight,U-DEC,3,5:00
win,Alexa Grasso,65,1,0,0,Women's Strawweight,U-DEC,3,5:00
win,Erik Perez,36,3,0,7,Bantamweight,S-DEC,3,5:00
win,Joe Soto,2,1,1,0,Catch Weight,SUB,1,1:37
win,Max Griffin,15,0,0,0,Welterweight,KO/TKO,1,0:54
win,Douglas Silva de Andrade,72,1,0,0,Bantamweight,KO/TKO,3,2:33
win,Sam Alvey,63,0,0,0,Middleweight,U-DEC,3,5:00
win,Polo Reyes,50,0,0,0,Lightweight,S-DEC,3,5:00
win,Enrique Barzola,72,7,0,1,Featherweight,U-DEC,3,5:00
win,Michael Bisping,119,0,0,0,Middleweight,U-DEC,5,5:00
win,Gegard Mousasi,57,1,0,2,Middleweight,KO/TKO,2,2:43
win,Jimi Manuwa,32,0,1,0,Light Heavyweight,KO/TKO,2,2:38
win,Stefan Struve,9,2,1,4,Heavyweight,SUB,2,1:41
win,Mirsad Bektic,4,4,2,1,Featherweight,SUB,1,4:22
win,Iuri Alcantara,26,0,2,2,Bantamweight,SUB,1,1:59
win,Damian Stasiak,10,4,1,5,Bantamweight,SUB,3,2:56
win,Leon Edwards,16,3,1,6,Welterweight,SUB,3,3:01
win,Marc Diakiese,48,1,0,0,Lightweight,KO/TKO,2,4:40
win,Mike Perry,90,0,0,5,Welterweight,KO/TKO,3,4:40
win,Leonardo Santos,23,0,0,0,Lightweight,S-DEC,3,5:00
win,John Lineker,93,0,0,0,Bantamweight,S-DEC,5,5:00
win,Alex Oliveira,48,4,1,2,Lightweight,KO/TKO,3,3:30
win,Zak Ottow,65,0,1,0,Welterweight,S-DEC,3,5:00
win,Brandon Moreno,8,1,2,0,Flyweight,SUB,1,2:23
win,Henrique da Silva,44,0,1,3,Light Heavyweight,SUB,2,4:43
win,Andre Fili,45,1,0,3,Featherweight,U-DEC,3,5:00
win,Shamil Abdurakhimov,47,1,0,1,Heavyweight,S-DEC,3,5:00
win,Elizeu Zaleski dos Santos,34,1,2,2,Welterweight,U-DEC,3,5:00
win,Nate Marquardt,24,2,0,0,Middleweight,KO/TKO,2,4:44
win,Ion Cutelaba,89,0,0,0,Light Heavyweight,U-DEC,3,5:00
win,Curtis Blaydes,52,5,0,3,Heavyweight,KO/TKO,2,2:02
win,Ketlen Vieira,13,4,0,3,Women's Bantamweight,S-DEC,3,5:00
win,Cris Cyborg,84,2,0,4,Catch Weight,KO/TKO,2,2:29
win,Renan Barao,64,3,0,0,Featherweight,U-DEC,3,5:00
win,Roy Nelson,36,0,0,0,Heavyweight,KO/TKO,2,4:10
win,Francisco Trinaldo,32,1,0,1,Lightweight,KO/TKO,3,2:25
win,Eric Spicely,5,1,1,2,Middleweight,SUB,1,2:58
win,Godofredo Pepey,24,1,2,1,Featherweight,SUB,1,3:03
win,Michel Prazeres,67,5,0,0,Lightweight,U-DEC,3,5:00
win,Rani Yahya,10,7,1,6,Bantamweight,U-DEC,3,5:00
win,Jussier Formiga,8,1,2,8,Flyweight,U-DEC,3,5:00
win,Erick Silva,55,0,2,4,Welterweight,SUB,3,3:57
win,Alan Patrick,7,5,1,6,Lightweight,U-DEC,3,5:00
win,Vicente Luque,11,0,0,0,Welterweight,KO/TKO,1,1:00
win,Gregor Gillespie,41,5,0,8,Lightweight,U-DEC,3,5:00
win,Michael Johnson,14,0,0,0,Lightweight,KO/TKO,1,1:35
win,Derek Brunson,4,0,0,0,Middleweight,KO/TKO,1,1:41
win,Evan Dunham,144,3,2,4,Lightweight,U-DEC,3,5:00
win,Roan Carneiro,33,2,0,2,Welterweight,S-DEC,3,5:00
win,Islam Makhachev,12,4,2,7,Lightweight,U-DEC,3,5:00
win,Chas Skelly,1,0,1,0,Featherweight,SUB,1,0:19
win,Gabriel Benitez,39,0,1,0,Featherweight,SUB,2,1:20
win,Belal Muhammad,66,3,0,5,Welterweight,KO/TKO,3,4:19
win,Antonio Carlos Junior,32,7,1,5,Middleweight,SUB,3,4:46
win,Jose Quinonez,56,5,0,5,Bantamweight,U-DEC,3,5:00
win,Randy Brown,12,1,1,0,Welterweight,SUB,3,0:18
draw,Alejandro Perez,61,1,0,0,Bantamweight,M-DEC,3,5:00
win,Stipe Miocic,34,1,0,0,Heavyweight,KO/TKO,1,4:27
win,Fabricio Werdum,84,0,1,1,Heavyweight,U-DEC,3,5:00
win,Mickey Gall,20,1,2,3,Welterweight,SUB,1,2:14
win,Jimmie Rivera,54,0,0,0,Bantamweight,U-DEC,3,5:00
win,Jessica Andrade,20,2,1,3,Women's Strawweight,SUB,1,4:38
win,Bethe Correia,49,0,0,0,Women's Bantamweight,S-DEC,3,5:00
win,Brad Tavares,46,0,0,0,Middleweight,S-DEC,3,5:00
win,Nik Lentz,38,5,1,8,Lightweight,KO/TKO,2,4:17
win,Drew Dober,20,0,0,0,Lightweight,KO/TKO,1,1:45
win,Yancy Medeiros,17,0,1,2,Welterweight,SUB,2,0:49
win,Josh Barnett,53,1,1,6,Heavyweight,SUB,3,2:53
win,Alexander Gustafsson,50,4,0,2,Light Heavyweight,U-DEC,3,5:00
win,Ryan Bader,13,0,0,0,Light Heavyweight,KO/TKO,2,2:06
win,Nick Hein,20,2,0,1,Lightweight,U-DEC,3,5:00
win,Jessin Ayari,70,0,0,0,Welterweight,S-DEC,3,5:00
win,Peter Sobotta,38,3,1,7,Welterweight,U-DEC,3,5:00
win,Ashlee Evans-Smith,73,2,0,3,Women's Bantamweight,KO/TKO,3,2:46
win,Taylor Lapilus,63,0,0,0,Bantamweight,U-DEC,3,5:00
draw,Jarjis Danho,52,1,0,1,Heavyweight,M-DEC,3,5:00
win,Jack Hermansson,88,1,0,1,Middleweight,U-DEC,3,5:00
win,Rustam Khabilov,24,2,0,0,Lightweight,U-DEC,3,5:00
win,Demian Maia,1,1,1,2,Welterweight,SUB,1,1:52
win,Anthony Pettis,53,0,1,2,Featherweight,SUB,3,1:49
win,Paige VanZant,25,0,0,0,Women's Strawweight,KO/TKO,2,0:17
win,Jim Miller,80,0,0,0,Lightweight,S-DEC,3,5:00
win,Sam Alvey,59,0,0,1,Middleweight,KO/TKO,2,4:56
win,Kyle Bochniak,41,1,0,1,Featherweight,S-DEC,3,5:00
win,Alessio Di Chirico,61,2,0,4,Middleweight,S-DEC,3,5:00
win,Felipe Silva,11,0,0,0,Lightweight,KO/TKO,1,1:13
win,Chad Laprise,17,0,0,0,Lightweight,KO/TKO,1,1:36
win,Jeremy Kennedy,27,5,0,0,Lightweight,U-DEC,3,5:00
win,Conor McGregor,164,0,0,0,Welterweight,M-DEC,5,5:00
win,Anthony Johnson,4,0,0,0,Light Heavyweight,KO/TKO,1,0:13
win,Donald Cerrone,45,1,1,0,Welterweight,KO/TKO,2,2:02
win,Mike Perry,31,0,0,3,Welterweight,KO/TKO,1,3:38
win,Tim Means,71,0,0,0,Welterweight,KO/TKO,2,2:56
win,Cody Garbrandt,12,0,0,0,Bantamweight,KO/TKO,1,0:48
win,Raquel Pennington,33,3,1,2,Women's Bantamweight,U-DEC,3,5:00
win,Artem Lobov,53,0,0,0,Featherweight,U-DEC,3,5:00
win,Cortney Casey,21,0,1,1,Women's Strawweight,SUB,1,4:34
win,Lorenz Larkin,32,0,0,0,Welterweight,KO/TKO,1,4:08
win,Colby Covington,26,6,0,12,Welterweight,KO/TKO,3,2:18
win,Marvin Vettori,10,1,1,0,Middleweight,SUB,1,4:30
win,Yair Rodriguez,120,1,0,0,Featherweight,S-DEC,5,5:00
win,Dennis Bermudez,48,5,0,1,Featherweight,U-DEC,3,5:00
win,Thales Leites,36,5,1,7,Middleweight,SUB,3,2:58
win,Santiago Ponzinibbio,58,0,0,0,Welterweight,U-DEC,3,5:00
win,Trevor Smith,42,4,2,10,Middleweight,U-DEC,3,5:00
win,Maryna Moroz,17,0,0,0,Women's Strawweight,S-DEC,3,5:00
win,Court McGee,15,4,1,2,Welterweight,U-DEC,3,5:00
win,Marcin Tybura,15,0,0,0,Heavyweight,KO/TKO,2,0:53
win,David Teymur,26,0,0,0,Lightweight,KO/TKO,2,1:25
win,Teruto Ishihara,13,0,0,0,Featherweight,KO/TKO,1,2:32
win,Cub Swanson,67,1,1,3,Featherweight,U-DEC,3,5:00
win,Justin Ledet,113,0,0,0,Heavyweight,U-DEC,3,5:00
win,Tyron Woodley,8,0,0,0,Welterweight,KO/TKO,1,2:12
win,Karolina Kowalkiewicz,84,0,0,2,Women's Strawweight,S-DEC,3,5:00
win,Jake Ellenberger,21,0,0,0,Welterweight,KO/TKO,1,1:46
win,Erik Perez,54,2,0,1,Bantamweight,U-DEC,3,5:00
win,Ryan Benoit,31,0,0,1,Flyweight,S-DEC,3,5:00
win,Nikita Krylov,60,0,0,0,Light Heavyweight,KO/TKO,2,0:40
win,Jorge Masvidal,113,1,0,0,Welterweight,U-DEC,3,5:00
win,Anthony Hamilton,9,0,0,0,Heavyweight,KO/TKO,1,0:14
win,Wilson Reis,4,3,1,3,Flyweight,SUB,1,1:49
draw,Michael Graves,9,3,0,5,Welterweight,M-DEC,3,5:00
win,Damien Brown,22,0,0,1,Lightweight,KO/TKO,1,2:27
win,Valentina Shevchenko,87,3,0,1,Women's Bantamweight,U-DEC,5,5:00
win,Edson Barboza,56,1,0,0,Lightweight,U-DEC,3,5:00
win,Francis Ngannou,8,0,0,0,Heavyweight,KO/TKO,1,1:34
win,Felice Herrig,13,1,1,2,Women's Strawweight,SUB,1,1:59
win,Eddie Wineland,42,0,0,0,Bantamweight,KO/TKO,3,1:54
win,Darren Elkins,33,5,0,0,Featherweight,U-DEC,3,5:00
win,Kamaru Usman,41,5,0,8,Welterweight,U-DEC,3,5:00
win,Michel Prazeres,48,7,1,4,Lightweight,U-DEC,3,5:00
win,Alex Oliveira,58,2,0,1,Welterweight,U-DEC,3,5:00
win,Jason Knight,76,1,0,0,Featherweight,S-DEC,3,5:00
win,Luis Henrique,20,1,1,2,Heavyweight,SUB,2,3:58
win,John Lineker,26,0,0,0,Bantamweight,KO/TKO,1,2:43
win,Tony Ferguson,66,0,3,0,Lightweight,SUB,2,2:22
win,Tim Boetsch,38,2,0,3,Middleweight,KO/TKO,2,3:49
win,Daniel Omielanczuk,26,1,0,1,Heavyweight,M-DEC,3,5:00
win,Keita Nakamura,41,0,1,3,Welterweight,SUB,2,4:59
win,Louis Smolka,82,3,7,7,Flyweight,KO/TKO,2,4:41
win,Katlyn Chookagian,45,0,0,0,Women's Bantamweight,U-DEC,3,5:00
win,Sam Alvey,8,0,1,0,Middleweight,SUB,1,2:43
win,Cortney Casey,19,2,0,3,Women's Strawweight,KO/TKO,1,2:36
win,Scott Holtzman,53,3,1,5,Lightweight,U-DEC,3,5:00
win,Rani Yahya,40,3,1,5,Bantamweight,SUB,3,4:19
win,Alex Nicholson,18,0,0,0,Middleweight,KO/TKO,1,4:57
win,Amanda Nunes,40,0,1,1,Women's Bantamweight,SUB,1,3:16
nc,Brock Lesnar,51,4,0,4,Heavyweight,Overturned,3,5:00
win,Daniel Cormier,33,3,0,3,Light Heavyweight,U-DEC,3,5:00
win,Jose Aldo,80,0,0,0,Featherweight,U-DEC,5,5:00
win,Cain Velasquez,50,1,0,1,Heavyweight,KO/TKO,1,4:57
win,Julianna Pena,12,2,1,6,Women's Bantamweight,U-DEC,3,5:00
win,Kelvin Gastelum,124,0,0,0,Welterweight,U-DEC,3,5:00
win,TJ Dillashaw,64,1,0,1,Bantamweight,U-DEC,3,5:00
win,Sage Northcutt,41,0,1,2,Lightweight,U-DEC,3,5:00
win,Joe Lauzon,22,0,0,0,Lightweight,KO/TKO,1,1:26
win,Gegard Mousasi,21,2,0,2,Middleweight,KO/TKO,1,4:32
win,Jim Miller,8,1,0,1,Lightweight,KO/TKO,1,2:18
win,Joanna Jedrzejczyk,176,1,0,0,Women's Strawweight,U-DEC,5,5:00
win,Andrew Sanchez,31,6,0,5,Light Heavyweight,U-DEC,3,5:00
win,Tatiana Suarez,16,3,1,0,Women's Strawweight,SUB,1,3:43
win,Will Brooks,80,1,0,1,Lightweight,U-DEC,3,5:00
win,Dooho Choi,4,0,0,0,Featherweight,KO/TKO,1,2:42
win,Joaquim Silva,6,0,0,0,Lightweight,KO/TKO,1,0:34
win,Gray Maynard,30,3,1,3,Featherweight,U-DEC,3,5:00
win,Matheus Nicolau,41,0,0,1,Flyweight,S-DEC,3,5:00
win,Josh Stansbury,61,0,0,5,Light Heavyweight,M-DEC,3,5:00
win,Cezar Ferreira,30,6,0,3,Middleweight,U-DEC,3,5:00
win,Kevin Lee,24,1,0,2,Lightweight,KO/TKO,1,4:06
win,Jingliang Li,6,1,0,1,Welterweight,KO/TKO,1,2:46
win,Eddie Alvarez,45,1,0,0,Lightweight,KO/TKO,1,3:49
win,Derrick Lewis,37,0,0,0,Heavyweight,S-DEC,3,5:00
win,Alan Jouban,86,0,0,2,Welterweight,U-DEC,3,5:00
win,Joe Duffy,3,0,1,2,Lightweight,SUB,1,0:25
win,Alberto Mina,16,2,0,0,Welterweight,KO/TKO,2,1:17
win,John Makdessi,84,0,0,0,Lightweight,S-DEC,3,5:00
win,Anthony Birchak,41,0,0,0,Bantamweight,S-DEC,3,5:00
win,Pedro Munhoz,14,1,1,0,Bantamweight,SUB,1,2:08
win,Felipe Arantes,3,0,1,0,Bantamweight,SUB,2,1:39
win,Gilbert Burns,13,1,1,1,Lightweight,SUB,1,4:57
win,Marco Beltran,20,0,1,1,Bantamweight,SUB,2,3:04
win,Vicente Luque,25,4,1,4,Welterweight,SUB,2,3:52
win,Stephen Thompson,110,0,0,0,Welterweight,U-DEC,5,5:00
win,Donald Cerrone,73,2,1,2,Welterweight,KO/TKO,3,2:35
win,Steve Bosse,93,1,0,3,Light Heavyweight,U-DEC,3,5:00
win,Olivier Aubin-Mercier,44,3,1,5,Lightweight,SUB,3,2:28
win,Joanne Calderwood,115,3,0,1,Women's Flyweight,KO/TKO,3,2:44
win,Jason Saggo,48,1,0,2,Lightweight,S-DEC,3,5:00
win,Misha Cirkunov,44,1,1,1,Light Heavyweight,SUB,3,1:22
win,Krzysztof Jotko,4,0,0,0,Middleweight,KO/TKO,1,0:59
win,Joe Soto,47,1,2,2,Bantamweight,SUB,3,3:39
win,Elias Theodorou,37,0,0,0,Middleweight,U-DEC,3,5:00
win,Randa Markos,86,1,1,0,Women's Strawweight,U-DEC,3,5:00
win,Colby Covington,19,5,1,6,Welterweight,SUB,3,0:54
win,Ali Bagautinov,90,5,0,6,Flyweight,U-DEC,3,5:00
win,Michael Bisping,21,0,0,0,Middleweight,KO/TKO,1,3:36
win,Dominick Cruz,87,3,0,2,Bantamweight,U-DEC,5,5:00
win,Max Holloway,103,0,2,2,Featherweight,U-DEC,3,5:00
win,Dan Henderson,13,0,0,0,Middleweight,KO/TKO,2,1:27
win,Dustin Poirier,36,0,0,0,Lightweight,KO/TKO,1,2:53
win,Brian Ortega,62,0,0,0,Featherweight,KO/TKO,3,4:40
win,Beneil Dariush,46,0,0,0,Lightweight,KO/TKO,1,4:16
win,Jessica Andrade,117,0,0,0,Women's Strawweight,KO/TKO,2,2:56
win,Alex Caceres,97,5,0,4,Featherweight,U-DEC,3,5:00
win,Sean Strickland,73,0,0,0,Welterweight,S-DEC,3,5:00
win,Henrique da Silva,81,0,0,2,Light Heavyweight,KO/TKO,2,4:11
draw,Kevin Casey,59,2,0,2,Middleweight,S-DEC,3,5:00
win,Polo Reyes,135,0,0,2,Lightweight,KO/TKO,3,1:52
win,Cody Garbrandt,21,0,0,0,Bantamweight,KO/TKO,1,2:53
win,Jeremy Stephens,55,0,0,0,Featherweight,U-DEC,3,5:00
win,Rick Story,58,0,0,0,Welterweight,U-DEC,3,5:00
win,Chris Camozzi,43,1,0,3,Middleweight,U-DEC,3,5:00
win,Lorenz Larkin,44,1,0,0,Welterweight,S-DEC,3,5:00
win,Paul Felder,41,0,0,0,Lightweight,U-DEC,3,5:00
win,Sara McMann,22,2,1,2,Women's Bantamweight,U-DEC,3,5:00
win,Abel Trujillo,35,3,0,0,Lightweight,U-DEC,3,5:00
win,Jake Collier,27,1,0,1,Middleweight,KO/TKO,2,1:06
win,Erik Koch,14,2,1,4,Lightweight,SUB,2,3:02
win,Bryan Caraway,9,3,0,5,Bantamweight,S-DEC,3,5:00
win,Adam Milstead,58,0,0,0,Heavyweight,KO/TKO,2,4:01
win,Stipe Miocic,20,0,0,0,Heavyweight,KO/TKO,1,2:47
win,Jacare Souza,39,1,0,4,Middleweight,KO/TKO,1,4:38
win,Cris Cyborg,26,0,0,1,Catch Weight,KO/TKO,1,1:21
win,Mauricio Rua,48,0,0,0,Light Heavyweight,S-DEC,3,5:00
win,Bryan Barberena,120,0,0,0,Welterweight,U-DEC,3,5:00
win,Demian Maia,17,3,2,5,Welterweight,SUB,3,4:31
win,Thiago Santos,16,0,0,0,Middleweight,KO/TKO,1,3:39
win,Francisco Trinaldo,117,2,0,3,Lightweight,U-DEC,3,5:00
win,John Lineker,80,1,0,4,Bantamweight,U-DEC,3,5:00
win,Rogerio Nogueira,30,0,0,0,Light Heavyweight,KO/TKO,1,4:52
draw,Sergio Moraes,28,0,1,5,Welterweight,S-DEC,3,5:00
win,Renato Moicano,44,0,0,1,Featherweight,S-DEC,3,5:00
win,Alistair Overeem,23,1,0,1,Heavyweight,KO/TKO,2,1:12
win,Stefan Struve,13,0,0,0,Heavyweight,KO/TKO,1,0:16
win,Gunnar Nelson,29,2,1,4,Welterweight,SUB,2,3:15
win,Germaine de Randamie,18,0,0,1,Women's Bantamweight,KO/TKO,1,3:46
win,Nikita Krylov,58,0,1,2,Light Heavyweight,SUB,2,3:11
win,Karolina Kowalkiewicz,119,0,0,1,Women's Strawweight,U-DEC,3,5:00
win,Rustam Khabilov,50,6,0,4,Lightweight,U-DEC,3,5:00
win,Magnus Cedenblad,21,0,0,0,Middleweight,KO/TKO,2,0:47
win,Josh Emmett,54,0,0,0,Lightweight,S-DEC,3,5:00
win,Reza Madadi,27,1,0,0,Lightweight,KO/TKO,3,1:56
win,Kyoji Horiguchi,72,6,0,6,Flyweight,U-DEC,3,5:00
win,Leon Edwards,24,2,1,7,Welterweight,U-DEC,3,5:00
win,Ulka Sasaki,7,4,1,5,Flyweight,SUB,2,3:30
win,Jon Jones,105,3,0,4,Light Heavyweight,U-DEC,5,5:00
win,Demetrious Johnson,21,0,0,0,Flyweight,KO/TKO,1,2:49
win,Edson Barboza,73,0,0,0,Lightweight,U-DEC,3,5:00
win,Robert Whittaker,89,0,0,0,Middleweight,U-DEC,3,5:00
win,Yair Rodriguez,25,2,0,3,Featherweight,KO/TKO,2,2:15
win,Sergio Pettis,61,2,0,2,Flyweight,U-DEC,3,5:00
win,Danny Roberts,60,0,0,0,Welterweight,U-DEC,3,5:00
win,Carla Esparza,28,5,0,4,Women's Strawweight,U-DEC,3,5:00
win,James Vick,94,0,0,0,Lightweight,U-DEC,3,5:00
win,Walt Harris,31,0,0,0,Heavyweight,KO/TKO,1,4:18
win,Marcos Rogerio de Lima,29,0,1,3,Light Heavyweight,SUB,1,4:35
win,Kevin Lee,64,1,1,1,Lightweight,U-DEC,3,5:00
win,Glover Teixeira,6,0,0,0,Light Heavyweight,KO/TKO,1,1:48
win,Rose Namajunas,46,2,0,0,Women's Strawweight,U-DEC,3,5:00
win,Khabib Nurmagomedov,75,2,0,7,Catch Weight,KO/TKO,2,3:38
win,Cub Swanson,83,0,0,1,Featherweight,U-DEC,3,5:00
win,Michael Chiesa,11,1,2,1,Lightweight,SUB,2,1:20
win,Raquel Pennington,75,0,0,0,Women's Bantamweight,S-DEC,3,5:00
win,Santiago Ponzinibbio,38,0,0,0,Welterweight,KO/TKO,1,4:15
win,Michael Graves,11,2,1,2,Welterweight,SUB,2,2:31
win,John Dodson,16,0,0,0,Bantamweight,KO/TKO,1,0:37
win,Cezar Ferreira,26,3,0,0,Middleweight,U-DEC,3,5:00
win,Elizeu Zaleski dos Santos,72,0,1,2,Welterweight,KO/TKO,3,3:03
win,Junior Dos Santos,157,0,0,0,Heavyweight,U-DEC,5,5:00
win,Derrick Lewis,17,0,0,0,Heavyweight,KO/TKO,1,4:48
win,Francis Ngannou,36,0,0,0,Heavyweight,KO/TKO,2,5:00
win,Tim Johnson,45,0,0,0,Heavyweight,U-DEC,3,5:00
win,Jan Blachowicz,98,4,0,4,Light Heavyweight,U-DEC,3,5:00
win,Maryna Moroz,35,1,1,3,Women's Strawweight,U-DEC,3,5:00
win,Zak Cummings,56,1,1,3,Welterweight,U-DEC,3,5:00
win,Alejandro Perez,48,0,0,1,Bantamweight,KO/TKO,1,4:04
win,Mairbek Taisumov,25,0,0,0,Lightweight,KO/TKO,1,3:44
win,Damian Stasiak,2,2,1,3,Bantamweight,SUB,1,2:16
win,Lucas Martins,30,0,0,0,Featherweight,S-DEC,3,5:00
win,Jared Cannonier,27,0,0,1,Heavyweight,KO/TKO,1,2:44
win,Bojan Velickovic,45,1,1,1,Middleweight,U-DEC,3,5:00
win,Mark Hunt,8,0,0,0,Heavyweight,KO/TKO,1,3:01
win,Neil Magny,148,1,2,5,Welterweight,KO/TKO,3,0:46
win,Jake Matthews,36,0,2,2,Lightweight,SUB,3,4:45
win,Daniel Kelly,37,0,0,1,Middleweight,KO/TKO,3,1:36
win,Steve Bosse,5,0,0,0,Light Heavyweight,KO/TKO,1,0:52
win,Bec Rawlings,77,1,0,1,Women's Strawweight,U-DEC,3,5:00
win,Alan Jouban,32,0,0,0,Welterweight,KO/TKO,1,2:15
win,Dan Hooker,5,0,1,1,Featherweight,SUB,1,1:24
win,Leslie Smith,62,0,0,0,Women's Bantamweight,U-DEC,3,5:00
win,Viscardi Andrade,38,5,1,3,Welterweight,U-DEC,3,5:00
win,Ross Pearson,52,0,0,0,Lightweight,S-DEC,3,5:00
win,Alan Patrick,25,5,1,10,Lightweight,U-DEC,3,5:00
win,Nate Diaz,77,1,2,1,Welterweight,SUB,2,4:12
win,Miesha Tate,40,2,2,3,Women's Bantamweight,SUB,5,3:30
win,Ilir Latifi,30,3,0,1,Light Heavyweight,U-DEC,3,5:00
win,Corey Anderson,55,1,0,1,Light Heavyweight,U-DEC,3,5:00
win,Amanda Nunes,39,2,2,4,Women's Bantamweight,U-DEC,3,5:00
win,Siyar Bahadurzada,84,3,1,4,Welterweight,SUB,3,4:11
win,Nordine Taleb,26,1,0,0,Welterweight,KO/TKO,2,1:34
win,Vitor Miranda,46,0,0,0,Middleweight,KO/TKO,2,1:09
win,Darren Elkins,104,7,0,4,Featherweight,U-DEC,3,5:00
win,Diego Sanchez,48,2,0,2,Lightweight,U-DEC,3,5:00
win,Jason Saggo,20,0,0,2,Lightweight,KO/TKO,1,4:31
win,Teruto Ishihara,27,0,0,1,Featherweight,KO/TKO,2,0:34
win,Michael Bisping,108,0,0,0,Middleweight,U-DEC,5,5:00
win,Gegard Mousasi,81,0,0,1,Middleweight,U-DEC,3,5:00
win,Tom Breese,32,0,1,2,Welterweight,U-DEC,3,5:00
win,Brad Pickett,39,3,0,3,Bantamweight,S-DEC,3,5:00
win,Makwan Amirkhani,32,4,0,10,Featherweight,U-DEC,3,5:00
win,Davey Grant,72,1,0,2,Bantamweight,U-DEC,3,5:00
win,Scott Askham,7,1,0,1,Middleweight,KO/TKO,1,4:45
win,Arnold Allen,31,4,0,1,Featherweight,U-DEC,3,5:00
win,Krzysztof Jotko,59,2,0,1,Middleweight,U-DEC,3,5:00
win,Rustam Khabilov,33,6,0,3,Lightweight,U-DEC,3,5:00
win,Daniel Omielanczuk,77,0,0,0,Heavyweight,M-DEC,3,1:31
win,Teemu Packalen,6,0,1,1,Lightweight,SUB,1,0:24
win,David Teymur,38,1,0,0,Lightweight,KO/TKO,2,1:26
win,Donald Cerrone,4,1,1,2,Welterweight,SUB,1,2:33
win,Derek Brunson,23,0,0,0,Middleweight,KO/TKO,1,2:38
win,Cody Garbrandt,11,0,0,0,Catch Weight,KO/TKO,1,4:18
win,Dennis Bermudez,61,4,1,2,Featherweight,U-DEC,3,5:00
win,Chris Camozzi,11,0,0,0,Middleweight,KO/TKO,1,0:26
win,James Krause,47,2,2,3,Lightweight,U-DEC,3,5:00
win,Sean Strickland,84,1,0,2,Welterweight,KO/TKO,3,4:25
win,Oluwale Bamgbose,8,0,0,0,Middleweight,KO/TKO,1,1:00
win,Anthony Smith,57,2,0,2,Middleweight,U-DEC,3,5:00
win,Nathan Coy,37,3,0,8,Welterweight,U-DEC,3,5:00
win,Ashlee Evans-Smith,55,1,0,0,Women's Bantamweight,S-DEC,3,5:00
win,Lauren Murphy,95,1,0,2,Women's Bantamweight,KO/TKO,3,4:55
win,Shamil Abdurakhimov,62,0,0,0,Heavyweight,U-DEC,3,5:00
win,Stephen Thompson,24,0,0,0,Welterweight,KO/TKO,1,3:31
win,Roy Nelson,42,0,0,0,Heavyweight,U-DEC,3,5:00
win,Ovince Saint Preux,51,1,0,1,Light Heavyweight,U-DEC,3,5:00
win,Joseph Benavidez,66,0,0,0,Flyweight,U-DEC,3,5:00
win,Misha Cirkunov,32,3,1,5,Light Heavyweight,SUB,2,1:28
win,Mike Pyle,75,1,0,0,Welterweight,KO/TKO,3,4:25
win,Joshua Burkman,57,3,0,1,Lightweight,U-DEC,3,5:00
win,Derrick Lewis,14,1,0,3,Heavyweight,KO/TKO,1,2:17
win,Justin Scoggins,57,4,0,6,Flyweight,U-DEC,3,5:00
win,Diego Rivas,5,1,0,0,Featherweight,KO/TKO,2,0:23
win,Mickey Gall,2,0,1,1,Welterweight,SUB,1,0:45
win,Alex White,78,3,0,2,Featherweight,U-DEC,3,5:00
win,Anthony Johnson,11,0,0,2,Light Heavyweight,KO/TKO,1,1:26
win,Ben Rothwell,35,0,1,0,Heavyweight,SUB,2,3:48
win,Jimmie Rivera,45,3,0,0,Bantamweight,U-DEC,3,5:00
win,Bryan Barberena,26,1,1,1,Welterweight,SUB,2,3:06
win,Tarec Saffiedine,54,0,0,1,Welterweight,U-DEC,3,5:00
win,Diego Ferreira,65,0,0,4,Lightweight,U-DEC,3,5:00
win,Rafael Natal,54,4,0,4,Middleweight,KO/TKO,3,3:37
win,Wilson Reis,48,9,0,7,Flyweight,U-DEC,3,5:00
win,Alexander Yakovlev,15,2,0,3,Welterweight,KO/TKO,1,3:59
win,Alex Caceres,74,1,0,0,Featherweight,U-DEC,3,5:00
win,Randy Brown,48,1,1,1,Welterweight,U-DEC,3,5:00
draw,Damon Jackson,44,0,0,0,Featherweight,M-DEC,3,5:00
win,Anthony Rocco Martin,60,2,1,2,Lightweight,SUB,3,3:02
win,Dominick Cruz,112,4,0,0,Bantamweight,S-DEC,5,5:00
win,Eddie Alvarez,42,6,0,2,Lightweight,S-DEC,3,5:00
win,Travis Browne,51,2,0,2,Heavyweight,KO/TKO,3,4:09
win,Francisco Trinaldo,51,1,0,0,Lightweight,U-DEC,3,5:00
win,Patrick Cote,42,0,1,2,Welterweight,KO/TKO,2,1:14
win,Ed Herman,47,0,0,0,Light Heavyweight,KO/TKO,2,1:39
win,Chris Wade,5,2,1,2,Lightweight,SUB,1,4:30
win,Luke Sanders,26,0,1,1,Featherweight,SUB,1,3:38
win,Paul Felder,46,2,3,1,Lightweight,SUB,3,3:56
win,Ilir Latifi,2,0,0,0,Light Heavyweight,KO/TKO,1,0:30
win,Charles Rosa,92,1,0,0,Featherweight,U-DEC,3,5:00
win,Rob Font,52,1,0,0,Bantamweight,KO/TKO,2,4:13
win,Francimar Barroso,57,1,0,0,Light Heavyweight,U-DEC,3,5:00
win,Robbie Lawler,92,0,0,0,Welterweight,S-DEC,5,5:00
win,Stipe Miocic,11,0,0,0,Heavyweight,KO/TKO,1,0:54
win,Albert Tumenov,76,0,0,0,Welterweight,S-DEC,3,5:00
win,Brian Ortega,29,0,2,1,Featherweight,SUB,3,1:37
win,Abel Trujillo,4,0,1,0,Lightweight,SUB,1,3:18
win,Michael McDonald,5,0,2,0,Bantamweight,SUB,2,2:09
win,Alex Morono,43,0,1,1,Welterweight,S-DEC,3,5:00
win,Justine Kish,72,3,0,5,Women's Strawweight,U-DEC,3,5:00
win,Drew Dober,36,5,0,5,Lightweight,U-DEC,3,5:00
win,Dustin Poirier,72,4,0,1,Lightweight,U-DEC,3,5:00
win,Michinori Tanaka,57,3,0,0,Bantamweight,S-DEC,3,5:00
win,Sheldon Westcott,33,1,0,2,Welterweight,KO/TKO,1,3:12
win,Rafael Dos Anjos,26,0,0,0,Lightweight,KO/TKO,1,1:06
win,Alistair Overeem,32,0,0,0,Heavyweight,KO/TKO,2,4:43
win,Nate Diaz,153,0,0,0,Lightweight,U-DEC,3,5:00
win,Karolina Kowalkiewicz,66,0,0,2,Women's Strawweight,U-DEC,3,5:00
win,Charles Oliveira,5,1,1,2,Featherweight,SUB,1,3:05
win,Nate Marquardt,16,0,0,0,Middleweight,KO/TKO,2,0:28
win,Valentina Shevchenko,32,4,0,1,Women's Bantamweight,S-DEC,3,5:00
win,Tamdan McCrory,39,2,1,5,Middleweight,SUB,3,4:10
win,Nik Lentz,59,3,2,1,Lightweight,S-DEC,3,5:00
nc,Cole Miller,28,0,0,0,Featherweight,CNC,2,1:34
win,Kamaru Usman,48,6,0,3,Welterweight,U-DEC,3,5:00
win,Vicente Luque,12,0,1,0,Welterweight,SUB,1,2:13
win,Francis Ngannou,25,0,0,0,Heavyweight,KO/TKO,2,2:53
